time,random_seed,scenario_id,TGT_01_pos_x,TGT_01_pos_y,TGT_01_pos_z,INTERCEPTOR_01_pos_x,INTERCEPTOR_01_pos_y,INTERCEPTOR_01_pos_z,snr_db,miss_distance_m,g_force,track_status,missile_launched,TGT_01_rcs_instantaneous,TGT_01_rcs_mean,TGT_01_sigma_min,TGT_01_sigma_max,TGT_01_display_label
0.0,101,SU27_01_43km_head-on,42960.0,2005.0,3998.0,0.0,0.0,0.0,-0.73,0.0,0.0,SEARCHING,False,2.446,3.36685,3.0,15.0,Su-27 Flanker  —  σ=3–15 m²
0.1,101,SU27_01_43km_head-on,42920.0,2010.0,3996.0,0.0,0.0,0.0,-7.25,0.0,0.0,SEARCHING,False,0.3,3.36753,3.0,15.0,Su-27 Flanker  —  σ=3–15 m²
0.2,101,SU27_01_43km_head-on,42880.0,2015.0,3994.0,0.0,0.0,0.0,15.02,0.0,0.0,TENTATIVE,False,3.89386,3.36821,3.0,15.0,Su-27 Flanker  —  σ=3–15 m²
0.3,101,SU27_01_43km_head-on,42840.0,2020.0,3992.0,0.0,0.0,0.0,-0.93,0.0,0.0,TENTATIVE,False,0.70964,3.36889,3.0,15.0,Su-27 Flanker  —  σ=3–15 m²
0.4,101,SU27_01_43km_head-on,42800.0,2025.0,3990.0,0.0,0.0,0.0,-6.97,0.0,0.0,TENTATIVE,False,1.46262,3.36957,3.0,15.0,Su-27 Flanker  —  σ=3–15 m²
0.5,101,SU27_01_43km_head-on,42760.0,2030.0,3988.0,0.0,0.0,0.0,16.32,0.0,0.0,TENTATIVE,False,5.18991,3.37025,3.0,15.0,Su-27 Flanker  —  σ=3–15 m²
0.6,101,SU27_01_43km_head-on,42720.0,2035.0,3986.0,99.48,4.5,9.14,15.62,0.0,0.0,CONFIRMED,True,4.40112,3.37093,3.0,15.0,Su-27 Flanker  —  σ=3–15 m²
0.7,101,SU27_01_43km_head-on,42680.0,2040.0,3984.0,198.96,8.99,18.28,-6.84,42853.79,0.0,CONFIRMED,True,0.50017,3.37162,3.0,15.0,Su-27 Flanker  —  σ=3–15 m²
0.8,101,SU27_01_43km_head-on,42640.0,2045.0,3982.0,298.43,13.58,27.45,21.63,42714.06,1.95,CONFIRMED,True,17.4363,3.37231,3.0,15.0,Su-27 Flanker  —  σ=3–15 m²
0.9,101,SU27_01_43km_head-on,42600.0,2050.0,3980.0,397.89,18.34,36.69,15.74,42574.33,1.85,CONFIRMED,True,4.47713,3.373,3.0,15.0,Su-27 Flanker  —  σ=3–15 m²
1.0,101,SU27_01_43km_head-on,42560.0,2055.0,3978.0,497.34,23.27,45.98,4.85,42434.6,1.85,CONFIRMED,True,1.49104,3.37369,3.0,15.0,Su-27 Flanker  —  σ=3–15 m²
1.1,101,SU27_01_43km_head-on,42520.0,2060.0,3976.0,596.77,28.38,55.32,3.02,42294.87,1.84,CONFIRMED,True,1.42073,3.37439,3.0,15.0,Su-27 Flanker  —  σ=3–15 m²
1.2,101,SU27_01_43km_head-on,42480.0,2065.0,3974.0,696.19,33.66,64.71,17.05,42155.15,1.97,CONFIRMED,True,5.98602,3.37508,3.0,15.0,Su-27 Flanker  —  σ=3–15 m²
1.3,101,SU27_01_43km_head-on,42440.0,2070.0,3972.0,795.59,39.13,74.16,-9.64,42015.43,1.96,CONFIRMED,True,0.34499,3.37578,3.0,15.0,Su-27 Flanker  —  σ=3–15 m²
1.4,101,SU27_01_43km_head-on,42400.0,2075.0,3970.0,894.98,44.69,83.69,15.42,41875.7,0.99,CONFIRMED,True,4.0822,3.37648,3.0,15.0,Su-27 Flanker  —  σ=3–15 m²
1.5,101,SU27_01_43km_head-on,42360.0,2080.0,3968.0,994.36,50.28,93.31,0.57,41735.98,0.98,CONFIRMED,True,2.25838,3.37718,3.0,15.0,Su-27 Flanker  —  σ=3–15 m²
1.6,101,SU27_01_43km_head-on,42320.0,2085.0,3966.0,1093.73,55.84,103.04,13.31,41596.27,1.28,CONFIRMED,True,2.49018,3.37789,3.0,15.0,Su-27 Flanker  —  σ=3–15 m²
1.7,101,SU27_01_43km_head-on,42280.0,2090.0,3964.0,1193.11,61.28,112.67,13.06,41456.55,3.37,CONFIRMED,True,2.34265,3.37859,3.0,15.0,Su-27 Flanker  —  σ=3–15 m²
1.8,101,SU27_01_43km_head-on,42240.0,2095.0,3962.0,1292.53,66.61,122.08,14.73,41316.83,1.64,CONFIRMED,True,3.42711,3.3793,3.0,15.0,Su-27 Flanker  —  σ=3–15 m²
1.9,101,SU27_01_43km_head-on,42200.0,2100.0,3960.0,1391.96,71.86,131.36,0.07,41177.12,1.63,CONFIRMED,True,0.3,3.38001,3.0,15.0,Su-27 Flanker  —  σ=3–15 m²
2.0,101,SU27_01_43km_head-on,42160.0,2105.0,3958.0,1491.38,77.15,140.63,16.94,41037.4,2.12,CONFIRMED,True,5.65503,3.38072,3.0,15.0,Su-27 Flanker  —  σ=3–15 m²
2.1,101,SU27_01_43km_head-on,42120.0,2110.0,3956.0,1590.79,82.6,150.04,0.33,40897.69,2.12,CONFIRMED,True,0.79349,3.38143,3.0,15.0,Su-27 Flanker  —  σ=3–15 m²
2.2,101,SU27_01_43km_head-on,42080.0,2115.0,3954.0,1690.18,88.19,159.59,13.51,40757.97,1.94,CONFIRMED,True,2.55089,3.38215,3.0,15.0,Su-27 Flanker  —  σ=3–15 m²
2.3,101,SU27_01_43km_head-on,42040.0,2120.0,3952.0,1789.54,93.93,169.26,16.61,40618.26,2.3,CONFIRMED,True,5.19235,3.38287,3.0,15.0,Su-27 Flanker  —  σ=3–15 m²
2.4,101,SU27_01_43km_head-on,42000.0,2125.0,3950.0,1888.89,99.87,179.05,-4.49,40478.55,2.29,CONFIRMED,True,0.76998,3.38359,3.0,15.0,Su-27 Flanker  —  σ=3–15 m²
2.5,101,SU27_01_43km_head-on,41960.0,2130.0,3948.0,1988.21,106.0,188.95,-13.07,40338.85,2.28,CONFIRMED,True,0.87425,3.38431,3.0,15.0,Su-27 Flanker  —  σ=3–15 m²
2.6,101,SU27_01_43km_head-on,41920.0,2135.0,3946.0,2087.51,112.29,198.9,18.5,40199.14,1.38,CONFIRMED,True,7.9315,3.38503,3.0,15.0,Su-27 Flanker  —  σ=3–15 m²
2.7,101,SU27_01_43km_head-on,41880.0,2140.0,3944.0,2186.8,118.75,208.94,14.81,40059.44,2.59,CONFIRMED,True,3.37405,3.38576,3.0,15.0,Su-27 Flanker  —  σ=3–15 m²
2.8,101,SU27_01_43km_head-on,41840.0,2145.0,3942.0,2286.06,125.3,219.14,15.35,39919.75,1.71,CONFIRMED,True,3.80908,3.38648,3.0,15.0,Su-27 Flanker  —  σ=3–15 m²
2.9,101,SU27_01_43km_head-on,41800.0,2150.0,3940.0,2385.31,131.86,229.51,-5.62,39780.06,1.7,CONFIRMED,True,1.80096,3.38721,3.0,15.0,Su-27 Flanker  —  σ=3–15 m²
3.0,101,SU27_01_43km_head-on,41760.0,2155.0,3938.0,2484.54,138.41,240.02,20.27,39640.37,1.03,CONFIRMED,True,11.75106,3.38795,3.0,15.0,Su-27 Flanker  —  σ=3–15 m²
3.1,101,SU27_01_43km_head-on,41720.0,2160.0,3936.0,2583.76,144.94,250.61,18.79,39500.68,0.94,CONFIRMED,True,8.30946,3.38868,3.0,15.0,Su-27 Flanker  —  σ=3–15 m²
3.2,101,SU27_01_43km_head-on,41680.0,2165.0,3934.0,2682.98,151.49,261.25,19.46,39360.99,0.67,CONFIRMED,True,9.66591,3.38942,3.0,15.0,Su-27 Flanker  —  σ=3–15 m²
3.3,101,SU27_01_43km_head-on,41640.0,2170.0,3932.0,2782.19,158.1,271.89,-6.51,39221.31,0.67,CONFIRMED,True,1.70201,3.39015,3.0,15.0,Su-27 Flanker  —  σ=3–15 m²
3.4,101,SU27_01_43km_head-on,41600.0,2175.0,3930.0,2881.4,164.75,282.53,15.9,39081.63,0.25,CONFIRMED,True,4.228,3.39089,3.0,15.0,Su-27 Flanker  —  σ=3–15 m²
3.5,101,SU27_01_43km_head-on,41560.0,2180.0,3928.0,2980.61,171.43,293.18,-3.56,38941.94,0.25,CONFIRMED,True,1.94829,3.39164,3.0,15.0,Su-27 Flanker  —  σ=3–15 m²
3.6,101,SU27_01_43km_head-on,41520.0,2185.0,3926.0,3079.81,178.14,303.85,0.25,38802.26,0.25,CONFIRMED,True,0.92982,3.39238,3.0,15.0,Su-27 Flanker  —  σ=3–15 m²
3.7,101,SU27_01_43km_head-on,41480.0,2190.0,3924.0,3179.01,184.86,314.52,0.3,38662.59,0.25,CONFIRMED,True,1.67965,3.39313,3.0,15.0,Su-27 Flanker  —  σ=3–15 m²
3.8,101,SU27_01_43km_head-on,41440.0,2195.0,3922.0,3278.21,191.61,325.2,-3.56,38522.91,0.25,CONFIRMED,True,1.52672,3.39387,3.0,15.0,Su-27 Flanker  —  σ=3–15 m²
3.9,101,SU27_01_43km_head-on,41400.0,2200.0,3920.0,3377.41,198.38,335.89,6.4,38383.23,0.25,CONFIRMED,True,0.7374,3.39462,3.0,15.0,Su-27 Flanker  —  σ=3–15 m²
4.0,101,SU27_01_43km_head-on,41360.0,2205.0,3918.0,3476.6,205.17,346.58,-1.0,38243.56,0.25,CONFIRMED,True,0.3,3.39538,3.0,15.0,Su-27 Flanker  —  σ=3–15 m²
4.1,101,SU27_01_43km_head-on,41320.0,2210.0,3916.0,3575.8,211.97,357.26,14.22,38103.89,0.51,CONFIRMED,True,2.79517,3.39613,3.0,15.0,Su-27 Flanker  —  σ=3–15 m²
4.2,101,SU27_01_43km_head-on,41280.0,2215.0,3914.0,3675.0,218.73,367.91,18.37,37964.21,0.38,CONFIRMED,True,7.24014,3.39689,3.0,15.0,Su-27 Flanker  —  σ=3–15 m²
4.3,101,SU27_01_43km_head-on,41240.0,2220.0,3912.0,3774.2,225.57,378.48,18.92,37824.54,1.91,CONFIRMED,True,8.17999,3.39765,3.0,15.0,Su-27 Flanker  —  σ=3–15 m²
4.4,101,SU27_01_43km_head-on,41200.0,2225.0,3910.0,3873.42,232.57,388.87,16.93,37684.87,3.15,CONFIRMED,True,5.15249,3.39841,3.0,15.0,Su-27 Flanker  —  σ=3–15 m²
4.5,101,SU27_01_43km_head-on,41160.0,2230.0,3908.0,3972.64,239.76,399.07,18.97,37545.2,2.49,CONFIRMED,True,8.21013,3.39917,3.0,15.0,Su-27 Flanker  —  σ=3–15 m²
4.6,101,SU27_01_43km_head-on,41120.0,2235.0,3906.0,4071.86,247.14,409.11,0.18,37405.53,2.49,CONFIRMED,True,1.04291,3.39994,3.0,15.0,Su-27 Flanker  —  σ=3–15 m²
4.7,101,SU27_01_43km_head-on,41080.0,2240.0,3904.0,4171.07,254.68,419.17,13.11,37265.87,2.38,CONFIRMED,True,2.11432,3.40071,3.0,15.0,Su-27 Flanker  —  σ=3–15 m²
4.8,101,SU27_01_43km_head-on,41040.0,2245.0,3902.0,4270.24,262.35,429.43,1.23,37126.2,2.37,CONFIRMED,True,0.85553,3.40148,3.0,15.0,Su-27 Flanker  —  σ=3–15 m²
4.9,101,SU27_01_43km_head-on,41000.0,2250.0,3900.0,4369.4,270.15,439.78,17.27,36986.55,1.37,CONFIRMED,True,5.46995,3.40225,3.0,15.0,Su-27 Flanker  —  σ=3–15 m²
5.0,101,SU27_01_43km_head-on,40960.0,2255.0,3898.0,4468.55,278.08,450.14,2.28,36846.9,1.36,CONFIRMED,True,1.30831,3.40302,3.0,15.0,Su-27 Flanker  —  σ=3–15 m²
5.1,101,SU27_01_43km_head-on,40920.0,2260.0,3896.0,4567.69,286.12,460.51,18.38,36707.25,0.81,CONFIRMED,True,7.0081,3.4038,3.0,15.0,Su-27 Flanker  —  σ=3–15 m²
5.2,101,SU27_01_43km_head-on,40880.0,2265.0,3894.0,4666.82,294.21,470.84,19.2,36567.6,0.69,CONFIRMED,True,8.43133,3.40458,3.0,15.0,Su-27 Flanker  —  σ=3–15 m²
5.3,101,SU27_01_43km_head-on,40840.0,2270.0,3892.0,4765.96,302.3,481.12,-5.9,36427.96,0.69,CONFIRMED,True,0.3,3.40536,3.0,15.0,Su-27 Flanker  —  σ=3–15 m²
5.4,101,SU27_01_43km_head-on,40800.0,2275.0,3890.0,4865.11,310.42,491.33,19.57,36288.32,0.5,CONFIRMED,True,9.10581,3.40614,3.0,15.0,Su-27 Flanker  —  σ=3–15 m²
5.5,101,SU27_01_43km_head-on,40760.0,2280.0,3888.0,4964.25,318.53,501.61,14.97,36148.68,1.66,CONFIRMED,True,3.15166,3.40693,3.0,15.0,Su-27 Flanker  —  σ=3–15 m²
5.6,101,SU27_01_43km_head-on,40720.0,2285.0,3886.0,5063.38,326.64,511.96,17.49,36009.04,0.34,CONFIRMED,True,5.59767,3.40771,3.0,15.0,Su-27 Flanker  —  σ=3–15 m²
5.7,101,SU27_01_43km_head-on,40680.0,2290.0,3884.0,5162.51,334.79,522.31,0.22,35869.4,0.34,CONFIRMED,True,0.3,3.4085,3.0,15.0,Su-27 Flanker  —  σ=3–15 m²
5.8,101,SU27_01_43km_head-on,40640.0,2295.0,3882.0,5261.65,342.88,532.49,13.17,35729.77,3.66,CONFIRMED,True,2.05715,3.4093,3.0,15.0,Su-27 Flanker  —  σ=3–15 m²
5.9,101,SU27_01_43km_head-on,40600.0,2300.0,3880.0,5360.84,350.84,542.34,-5.11,35590.13,3.64,CONFIRMED,True,1.89154,3.41009,3.0,15.0,Su-27 Flanker  —  σ=3–15 m²
6.0,101,SU27_01_43km_head-on,40560.0,2305.0,3878.0,5460.07,358.56,552.06,13.12,35450.49,3.67,CONFIRMED,True,2.01695,3.41089,3.0,15.0,Su-27 Flanker  —  σ=3–15 m²
6.1,101,SU27_01_43km_head-on,40520.0,2310.0,3876.0,5559.31,365.93,561.85,-0.11,35310.85,3.65,CONFIRMED,True,0.3,3.41169,3.0,15.0,Su-27 Flanker  —  σ=3–15 m²
6.2,101,SU27_01_43km_head-on,40480.0,2315.0,3874.0,5658.57,373.08,571.67,16.48,35171.2,0.89,CONFIRMED,True,4.33935,3.41249,3.0,15.0,Su-27 Flanker  —  σ=3–15 m²
6.3,101,SU27_01_43km_head-on,40440.0,2320.0,3872.0,5757.83,380.23,581.45,15.18,35031.54,1.09,CONFIRMED,True,3.2052,3.41329,3.0,15.0,Su-27 Flanker  —  σ=3–15 m²
6.4,101,SU27_01_43km_head-on,40400.0,2325.0,3870.0,5857.09,387.64,591.09,13.08,34891.88,4.87,CONFIRMED,True,1.96601,3.4141,3.0,15.0,Su-27 Flanker  —  σ=3–15 m²
6.5,101,SU27_01_43km_head-on,40360.0,2330.0,3868.0,5956.33,395.47,600.63,15.02,34752.22,4.34,CONFIRMED,True,3.06211,3.41491,3.0,15.0,Su-27 Flanker  —  σ=3–15 m²
6.6,101,SU27_01_43km_head-on,40320.0,2335.0,3866.0,6055.54,403.64,610.17,15.18,34612.58,2.57,CONFIRMED,True,3.16523,3.41572,3.0,15.0,Su-27 Flanker  —  σ=3–15 m²
6.7,101,SU27_01_43km_head-on,40280.0,2340.0,3864.0,6154.73,412.06,619.71,-5.77,34472.94,2.56,CONFIRMED,True,1.00817,3.41653,3.0,15.0,Su-27 Flanker  —  σ=3–15 m²
6.8,101,SU27_01_43km_head-on,40240.0,2345.0,3862.0,6253.9,420.69,629.33,17.1,34333.31,2.34,CONFIRMED,True,4.89289,3.41735,3.0,15.0,Su-27 Flanker  —  σ=3–15 m²
6.9,101,SU27_01_43km_head-on,40200.0,2350.0,3860.0,6353.03,429.51,639.08,-0.47,34193.69,2.33,CONFIRMED,True,0.3,3.41816,3.0,15.0,Su-27 Flanker  —  σ=3–15 m²
7.0,101,SU27_01_43km_head-on,40160.0,2355.0,3858.0,6452.14,438.5,648.97,-1.54,34054.07,2.32,CONFIRMED,True,1.40397,3.41898,3.0,15.0,Su-27 Flanker  —  σ=3–15 m²
7.1,101,SU27_01_43km_head-on,40120.0,2360.0,3856.0,6551.21,447.67,659.0,-4.28,33914.46,2.31,CONFIRMED,True,0.3,3.41981,3.0,15.0,Su-27 Flanker  —  σ=3–15 m²
7.2,101,SU27_01_43km_head-on,40080.0,2365.0,3854.0,6650.27,456.9,669.16,18.52,33774.86,1.46,CONFIRMED,True,6.66616,3.42063,3.0,15.0,Su-27 Flanker  —  σ=3–15 m²
7.3,101,SU27_01_43km_head-on,40040.0,2370.0,3852.0,6749.31,466.05,679.45,18.17,33635.27,1.69,CONFIRMED,True,6.13413,3.42146,3.0,15.0,Su-27 Flanker  —  σ=3–15 m²
7.4,101,SU27_01_43km_head-on,40000.0,2375.0,3850.0,6848.35,475.11,689.88,2.43,33495.67,1.68,CONFIRMED,True,1.24924,3.42229,3.0,15.0,Su-27 Flanker  —  σ=3–15 m²
7.5,101,SU27_01_43km_head-on,39960.0,2380.0,3848.0,6947.39,484.02,700.42,14.94,33356.07,2.26,CONFIRMED,True,2.89492,3.42312,3.0,15.0,Su-27 Flanker  —  σ=3–15 m²
7.6,101,SU27_01_43km_head-on,39920.0,2385.0,3846.0,7046.44,492.85,711.03,17.17,33216.48,0.74,CONFIRMED,True,4.81894,3.42395,3.0,15.0,Su-27 Flanker  —  σ=3–15 m²
7.7,101,SU27_01_43km_head-on,39880.0,2390.0,3844.0,7145.47,501.73,721.7,1.81,33076.87,0.74,CONFIRMED,True,0.3,3.42479,3.0,15.0,Su-27 Flanker  —  σ=3–15 m²
7.8,101,SU27_01_43km_head-on,39840.0,2395.0,3842.0,7244.49,510.65,732.42,-8.48,32937.27,0.74,CONFIRMED,True,0.3,3.42563,3.0,15.0,Su-27 Flanker  —  σ=3–15 m²
7.9,101,SU27_01_43km_head-on,39800.0,2400.0,3840.0,7343.52,519.56,743.14,16.88,32797.67,0.92,CONFIRMED,True,4.44982,3.42647,3.0,15.0,Su-27 Flanker  —  σ=3–15 m²
8.0,101,SU27_01_43km_head-on,39760.0,2405.0,3838.0,7442.55,528.51,753.74,15.11,32658.08,2.44,CONFIRMED,True,2.94602,3.42732,3.0,15.0,Su-27 Flanker  —  σ=3–15 m²
8.1,101,SU27_01_43km_head-on,39720.0,2410.0,3836.0,7541.59,537.55,764.15,17.32,32518.48,1.92,CONFIRMED,True,4.89015,3.42816,3.0,15.0,Su-27 Flanker  —  σ=3–15 m²
8.2,101,SU27_01_43km_head-on,39680.0,2415.0,3834.0,7640.65,546.63,774.38,0.73,32378.88,1.91,CONFIRMED,True,1.63902,3.42901,3.0,15.0,Su-27 Flanker  —  σ=3–15 m²
8.3,101,SU27_01_43km_head-on,39640.0,2420.0,3832.0,7739.73,555.75,784.42,-8.96,32239.29,1.91,CONFIRMED,True,1.73427,3.42987,3.0,15.0,Su-27 Flanker  —  σ=3–15 m²
8.4,101,SU27_01_43km_head-on,39600.0,2425.0,3830.0,7838.82,564.91,794.28,15.11,32099.7,2.12,CONFIRMED,True,2.90363,3.43072,3.0,15.0,Su-27 Flanker  —  σ=3–15 m²
8.5,101,SU27_01_43km_head-on,39560.0,2430.0,3828.0,7937.92,574.12,804.03,20.3,31960.1,0.29,CONFIRMED,True,9.54901,3.43158,3.0,15.0,Su-27 Flanker  —  σ=3–15 m²
8.6,101,SU27_01_43km_head-on,39520.0,2435.0,3826.0,8037.0,583.36,813.87,16.5,31820.51,1.79,CONFIRMED,True,3.96869,3.43244,3.0,15.0,Su-27 Flanker  —  σ=3–15 m²
8.7,101,SU27_01_43km_head-on,39480.0,2440.0,3824.0,8136.07,592.63,823.88,-4.52,31680.92,1.78,CONFIRMED,True,1.13199,3.4333,3.0,15.0,Su-27 Flanker  —  σ=3–15 m²
8.8,101,SU27_01_43km_head-on,39440.0,2445.0,3822.0,8235.1,601.97,834.12,13.64,31541.33,3.35,CONFIRMED,True,2.03846,3.43416,3.0,15.0,Su-27 Flanker  —  σ=3–15 m²
8.9,101,SU27_01_43km_head-on,39400.0,2450.0,3820.0,8334.1,611.46,844.62,15.97,31401.75,2.7,CONFIRMED,True,3.46832,3.43503,3.0,15.0,Su-27 Flanker  —  σ=3–15 m²
9.0,101,SU27_01_43km_head-on,39360.0,2455.0,3818.0,8433.07,621.09,855.29,14.75,31262.17,2.08,CONFIRMED,True,2.61104,3.4359,3.0,15.0,Su-27 Flanker  —  σ=3–15 m²
9.1,101,SU27_01_43km_head-on,39320.0,2460.0,3816.0,8531.99,630.92,866.15,14.09,31122.6,3.44,CONFIRMED,True,2.2328,3.43677,3.0,15.0,Su-27 Flanker  —  σ=3–15 m²
9.2,101,SU27_01_43km_head-on,39280.0,2465.0,3814.0,8630.88,640.86,877.21,14.39,30983.03,2.03,CONFIRMED,True,2.38195,3.43765,3.0,15.0,Su-27 Flanker  —  σ=3–15 m²
9.3,101,SU27_01_43km_head-on,39240.0,2470.0,3812.0,8729.78,650.63,888.32,16.61,30843.49,2.97,CONFIRMED,True,3.95619,3.43852,3.0,15.0,Su-27 Flanker  —  σ=3–15 m²
9.4,101,SU27_01_43km_head-on,39200.0,2475.0,3810.0,8828.7,660.13,899.34,-2.34,30703.94,2.96,CONFIRMED,True,0.43946,3.4394,3.0,15.0,Su-27 Flanker  —  σ=3–15 m²
9.5,101,SU27_01_43km_head-on,39160.0,2480.0,3808.0,8927.66,669.46,910.31,13.59,30564.38,0.84,CONFIRMED,True,1.95868,3.44029,3.0,15.0,Su-27 Flanker  —  σ=3–15 m²
9.6,101,SU27_01_43km_head-on,39120.0,2485.0,3806.0,9026.62,678.75,921.29,13.25,30424.81,0.78,CONFIRMED,True,1.80475,3.44117,3.0,15.0,Su-27 Flanker  —  σ=3–15 m²
9.7,101,SU27_01_43km_head-on,39080.0,2490.0,3804.0,9125.57,688.2,932.32,18.95,30285.24,2.99,CONFIRMED,True,6.67227,3.44206,3.0,15.0,Su-27 Flanker  —  σ=3–15 m²
9.8,101,SU27_01_43km_head-on,39040.0,2495.0,3802.0,9224.48,697.94,943.37,2.85,30145.66,2.97,CONFIRMED,True,0.3151,3.44295,3.0,15.0,Su-27 Flanker  —  σ=3–15 m²
9.9,101,SU27_01_43km_head-on,39000.0,2500.0,3800.0,9323.37,707.96,954.44,-1.35,30006.11,2.96,CONFIRMED,True,1.0813,3.44384,3.0,15.0,Su-27 Flanker  —  σ=3–15 m²
10.0,101,SU27_01_43km_head-on,38960.0,2505.0,3798.0,9422.23,718.3,965.4,14.98,29866.56,4.26,CONFIRMED,True,2.63999,3.44474,3.0,15.0,Su-27 Flanker  —  σ=3–15 m²
10.1,101,SU27_01_43km_head-on,38920.0,2510.0,3796.0,9521.08,728.98,976.12,2.4,29727.02,4.24,CONFIRMED,True,0.50449,3.44564,3.0,15.0,Su-27 Flanker  —  σ=3–15 m²
10.2,101,SU27_01_43km_head-on,38880.0,2515.0,3794.0,9619.93,740.0,986.61,0.75,29587.5,4.21,CONFIRMED,True,0.3,3.44654,3.0,15.0,Su-27 Flanker  —  σ=3–15 m²
10.3,101,SU27_01_43km_head-on,38840.0,2520.0,3792.0,9718.76,751.17,996.94,15.39,29447.99,0.74,CONFIRMED,True,2.86917,3.44744,3.0,15.0,Su-27 Flanker  —  σ=3–15 m²
10.4,101,SU27_01_43km_head-on,38800.0,2525.0,3790.0,9817.6,762.25,1007.33,16.36,29308.49,2.1,CONFIRMED,True,3.56787,3.44835,3.0,15.0,Su-27 Flanker  —  σ=3–15 m²
10.5,101,SU27_01_43km_head-on,38760.0,2530.0,3788.0,9916.43,773.18,1017.88,13.27,29168.99,2.38,CONFIRMED,True,1.74501,3.44926,3.0,15.0,Su-27 Flanker  —  σ=3–15 m²
10.6,101,SU27_01_43km_head-on,38720.0,2535.0,3786.0,10015.28,783.96,1028.5,16.95,29029.49,1.2,CONFIRMED,True,4.05978,3.45017,3.0,15.0,Su-27 Flanker  —  σ=3–15 m²
10.7,101,SU27_01_43km_head-on,38680.0,2540.0,3784.0,10114.14,794.57,1039.1,18.93,28889.98,2.65,CONFIRMED,True,6.37927,3.45109,3.0,15.0,Su-27 Flanker  —  σ=3–15 m²
10.8,101,SU27_01_43km_head-on,38640.0,2545.0,3782.0,10213.03,805.07,1049.62,19.84,28750.47,0.62,CONFIRMED,True,7.82737,3.452,3.0,15.0,Su-27 Flanker  —  σ=3–15 m²
10.9,101,SU27_01_43km_head-on,38600.0,2550.0,3780.0,10311.92,815.47,1060.16,13.25,28610.94,2.52,CONFIRMED,True,1.70948,3.45292,3.0,15.0,Su-27 Flanker  —  σ=3–15 m²
11.0,101,SU27_01_43km_head-on,38560.0,2555.0,3778.0,10410.83,825.64,1070.79,-5.27,28471.41,2.51,CONFIRMED,True,0.3,3.45385,3.0,15.0,Su-27 Flanker  —  σ=3–15 m²
11.1,101,SU27_01_43km_head-on,38520.0,2560.0,3776.0,10509.75,835.59,1081.5,-1.19,28331.88,2.5,CONFIRMED,True,0.3,3.45477,3.0,15.0,Su-27 Flanker  —  σ=3–15 m²
11.2,101,SU27_01_43km_head-on,38480.0,2565.0,3774.0,10608.69,845.45,1092.17,18.14,28192.34,2.1,CONFIRMED,True,5.21358,3.4557,3.0,15.0,Su-27 Flanker  —  σ=3–15 m²
11.3,101,SU27_01_43km_head-on,38440.0,2570.0,3772.0,10707.63,855.48,1102.72,18.78,28052.79,2.78,CONFIRMED,True,6.00937,3.45663,3.0,15.0,Su-27 Flanker  —  σ=3–15 m²
11.4,101,SU27_01_43km_head-on,38400.0,2575.0,3770.0,10806.55,865.78,1113.23,0.28,27913.24,2.77,CONFIRMED,True,0.3,3.45757,3.0,15.0,Su-27 Flanker  —  σ=3–15 m²
11.5,101,SU27_01_43km_head-on,38360.0,2580.0,3768.0,10905.44,876.35,1123.72,-4.21,27773.7,2.75,CONFIRMED,True,1.45643,3.45851,3.0,15.0,Su-27 Flanker  —  σ=3–15 m²
11.6,101,SU27_01_43km_head-on,38320.0,2585.0,3766.0,11004.3,887.16,1134.25,20.06,27634.18,2.7,CONFIRMED,True,7.97205,3.45945,3.0,15.0,Su-27 Flanker  —  σ=3–15 m²
11.7,101,SU27_01_43km_head-on,38280.0,2590.0,3764.0,11103.12,898.19,1144.88,23.11,27494.66,2.17,CONFIRMED,True,16.04301,3.46039,3.0,15.0,Su-27 Flanker  —  σ=3–15 m²
11.8,101,SU27_01_43km_head-on,38240.0,2595.0,3762.0,11201.92,909.41,1155.6,-2.59,27355.16,2.16,CONFIRMED,True,0.3,3.46133,3.0,15.0,Su-27 Flanker  —  σ=3–15 m²
11.9,101,SU27_01_43km_head-on,38200.0,2600.0,3760.0,11300.68,920.96,1166.33,13.44,27215.67,4.86,CONFIRMED,True,1.7133,3.46228,3.0,15.0,Su-27 Flanker  —  σ=3–15 m²
12.0,101,SU27_01_43km_head-on,38160.0,2605.0,3758.0,11399.39,932.97,1176.97,4.48,27076.19,4.83,CONFIRMED,True,0.3,3.46323,3.0,15.0,Su-27 Flanker  —  σ=3–15 m²
12.1,101,SU27_01_43km_head-on,38120.0,2610.0,3756.0,11498.07,945.25,1187.56,16.08,26936.73,0.78,CONFIRMED,True,3.12263,3.46419,3.0,15.0,Su-27 Flanker  —  σ=3–15 m²
12.2,101,SU27_01_43km_head-on,38080.0,2615.0,3754.0,11596.75,957.53,1198.1,16.37,26797.3,0.87,CONFIRMED,True,3.32449,3.46515,3.0,15.0,Su-27 Flanker  —  σ=3–15 m²
12.3,101,SU27_01_43km_head-on,38040.0,2620.0,3752.0,11695.44,969.73,1208.61,-3.51,26657.88,0.87,CONFIRMED,True,0.42745,3.46611,3.0,15.0,Su-27 Flanker  —  σ=3–15 m²
12.4,101,SU27_01_43km_head-on,38000.0,2625.0,3750.0,11794.15,981.85,1219.07,-7.59,26518.45,0.87,CONFIRMED,True,1.22572,3.46707,3.0,15.0,Su-27 Flanker  —  σ=3–15 m²
12.5,101,SU27_01_43km_head-on,37960.0,2630.0,3748.0,11892.87,993.91,1229.49,4.34,26379.01,0.86,CONFIRMED,True,1.49628,3.46804,3.0,15.0,Su-27 Flanker  —  σ=3–15 m²
12.6,101,SU27_01_43km_head-on,37920.0,2635.0,3746.0,11991.6,1005.81,1239.93,18.34,26239.57,2.5,CONFIRMED,True,5.14739,3.469,3.0,15.0,Su-27 Flanker  —  σ=3–15 m²
12.7,101,SU27_01_43km_head-on,37880.0,2640.0,3744.0,12090.35,1017.49,1250.47,1.58,26100.12,2.49,CONFIRMED,True,0.3,3.46998,3.0,15.0,Su-27 Flanker  —  σ=3–15 m²
12.8,101,SU27_01_43km_head-on,37840.0,2645.0,3742.0,12189.12,1028.95,1261.1,-0.83,25960.67,2.48,CONFIRMED,True,1.18599,3.47095,3.0,15.0,Su-27 Flanker  —  σ=3–15 m²
12.9,101,SU27_01_43km_head-on,37800.0,2650.0,3740.0,12287.9,1040.18,1271.82,0.02,25821.2,2.46,CONFIRMED,True,0.30104,3.47193,3.0,15.0,Su-27 Flanker  —  σ=3–15 m²
13.0,101,SU27_01_43km_head-on,37760.0,2655.0,3738.0,12386.68,1051.39,1282.63,13.02,25681.72,2.1,CONFIRMED,True,1.48849,3.47291,3.0,15.0,Su-27 Flanker  —  σ=3–15 m²
13.1,101,SU27_01_43km_head-on,37720.0,2660.0,3736.0,12485.45,1062.75,1293.44,21.65,25542.23,1.49,CONFIRMED,True,10.79816,3.4739,3.0,15.0,Su-27 Flanker  —  σ=3–15 m²
13.2,101,SU27_01_43km_head-on,37680.0,2665.0,3734.0,12584.2,1074.24,1304.27,18.52,25402.76,1.56,CONFIRMED,True,5.23341,3.47488,3.0,15.0,Su-27 Flanker  —  σ=3–15 m²
13.3,101,SU27_01_43km_head-on,37640.0,2670.0,3732.0,12682.91,1085.74,1315.39,14.63,25263.28,5.04,CONFIRMED,True,2.12889,3.47587,3.0,15.0,Su-27 Flanker  —  σ=3–15 m²
13.4,101,SU27_01_43km_head-on,37600.0,2675.0,3730.0,12781.57,1097.16,1326.99,0.3,25123.82,5.01,CONFIRMED,True,0.3,3.47687,3.0,15.0,Su-27 Flanker  —  σ=3–15 m²
13.5,101,SU27_01_43km_head-on,37560.0,2680.0,3728.0,12880.2,1108.49,1339.08,-0.43,24984.36,4.98,CONFIRMED,True,1.22694,3.47786,3.0,15.0,Su-27 Flanker  —  σ=3–15 m²
13.6,101,SU27_01_43km_head-on,37520.0,2685.0,3726.0,12978.78,1119.9,1351.41,16.53,24844.91,2.66,CONFIRMED,True,3.25625,3.47886,3.0,15.0,Su-27 Flanker  —  σ=3–15 m²
13.7,101,SU27_01_43km_head-on,37480.0,2690.0,3724.0,13077.34,1131.58,1363.63,16.38,24705.46,4.03,CONFIRMED,True,3.13371,3.47986,3.0,15.0,Su-27 Flanker  —  σ=3–15 m²
13.8,101,SU27_01_43km_head-on,37440.0,2695.0,3722.0,13175.91,1143.48,1375.58,14.65,24566.03,3.15,CONFIRMED,True,2.09467,3.48087,3.0,15.0,Su-27 Flanker  —  σ=3–15 m²
13.9,101,SU27_01_43km_head-on,37400.0,2700.0,3720.0,13274.51,1155.44,1387.23,22.34,24426.6,3.18,CONFIRMED,True,12.2417,3.48188,3.0,15.0,Su-27 Flanker  —  σ=3–15 m²
14.0,101,SU27_01_43km_head-on,37360.0,2705.0,3718.0,13373.14,1167.37,1398.58,-0.3,24287.18,3.16,CONFIRMED,True,0.52518,3.48289,3.0,15.0,Su-27 Flanker  —  σ=3–15 m²
14.1,101,SU27_01_43km_head-on,37320.0,2710.0,3716.0,13471.81,1179.24,1409.62,18.53,24147.75,3.21,CONFIRMED,True,5.04846,3.48391,3.0,15.0,Su-27 Flanker  —  σ=3–15 m²
14.2,101,SU27_01_43km_head-on,37280.0,2715.0,3714.0,13570.52,1191.02,1420.37,-9.2,24008.31,3.19,CONFIRMED,True,1.11598,3.48492,3.0,15.0,Su-27 Flanker  —  σ=3–15 m²
14.3,101,SU27_01_43km_head-on,37240.0,2720.0,3712.0,13669.27,1202.79,1430.89,19.92,23868.86,1.6,CONFIRMED,True,6.90408,3.48594,3.0,15.0,Su-27 Flanker  —  σ=3–15 m²
14.4,101,SU27_01_43km_head-on,37200.0,2725.0,3710.0,13768.03,1214.6,1441.27,-18.18,23729.41,1.59,CONFIRMED,True,0.32463,3.48697,3.0,15.0,Su-27 Flanker  —  σ=3–15 m²
14.5,101,SU27_01_43km_head-on,37160.0,2730.0,3708.0,13866.79,1226.48,1451.55,22.21,23589.95,0.89,CONFIRMED,True,11.60557,3.488,3.0,15.0,Su-27 Flanker  —  σ=3–15 m²
14.6,101,SU27_01_43km_head-on,37120.0,2735.0,3706.0,13965.53,1238.49,1461.83,19.96,23450.5,2.37,CONFIRMED,True,6.87127,3.48903,3.0,15.0,Su-27 Flanker  —  σ=3–15 m²
14.7,101,SU27_01_43km_head-on,37080.0,2740.0,3704.0,14064.26,1250.52,1472.16,14.07,23311.05,2.06,CONFIRMED,True,1.76264,3.49006,3.0,15.0,Su-27 Flanker  —  σ=3–15 m²
14.8,101,SU27_01_43km_head-on,37040.0,2745.0,3702.0,14163.0,1262.55,1482.57,16.87,23171.62,2.24,CONFIRMED,True,3.34544,3.4911,3.0,15.0,Su-27 Flanker  —  σ=3–15 m²
14.9,101,SU27_01_43km_head-on,37000.0,2750.0,3700.0,14261.7,1274.78,1493.02,18.75,23032.17,2.14,CONFIRMED,True,5.14454,3.49214,3.0,15.0,Su-27 Flanker  —  σ=3–15 m²
15.0,101,SU27_01_43km_head-on,36960.0,2755.0,3698.0,14360.38,1287.22,1503.45,5.9,22892.74,2.12,CONFIRMED,True,1.02536,3.49318,3.0,15.0,Su-27 Flanker  —  σ=3–15 m²
15.1,101,SU27_01_43km_head-on,36920.0,2760.0,3696.0,14459.04,1299.86,1513.85,1.15,22753.31,2.11,CONFIRMED,True,1.32121,3.49423,3.0,15.0,Su-27 Flanker  —  σ=3–15 m²
15.2,101,SU27_01_43km_head-on,36880.0,2765.0,3694.0,14557.67,1312.7,1524.22,-6.79,22613.9,2.1,CONFIRMED,True,0.3,3.49528,3.0,15.0,Su-27 Flanker  —  σ=3–15 m²
15.3,101,SU27_01_43km_head-on,36840.0,2770.0,3692.0,14656.28,1325.75,1534.57,-4.49,22474.51,2.09,CONFIRMED,True,0.3,3.49634,3.0,15.0,Su-27 Flanker  —  σ=3–15 m²
15.4,101,SU27_01_43km_head-on,36800.0,2775.0,3690.0,14754.87,1338.99,1544.9,-12.41,22335.12,2.07,CONFIRMED,True,1.00955,3.49739,3.0,15.0,Su-27 Flanker  —  σ=3–15 m²
15.5,101,SU27_01_43km_head-on,36760.0,2780.0,3688.0,14853.42,1352.36,1555.31,15.57,22195.75,2.01,CONFIRMED,True,2.40912,3.49845,3.0,15.0,Su-27 Flanker  —  σ=3–15 m²
15.6,101,SU27_01_43km_head-on,36720.0,2785.0,3686.0,14951.96,1365.75,1565.91,-4.52,22056.4,1.99,CONFIRMED,True,0.93756,3.49952,3.0,15.0,Su-27 Flanker  —  σ=3–15 m²
15.7,101,SU27_01_43km_head-on,36680.0,2790.0,3684.0,15050.47,1379.07,1576.73,13.32,21917.04,3.25,CONFIRMED,True,1.42228,3.50058,3.0,15.0,Su-27 Flanker  —  σ=3–15 m²
15.8,101,SU27_01_43km_head-on,36640.0,2795.0,3682.0,15148.97,1392.42,1587.69,15.33,21777.7,2.69,CONFIRMED,True,2.25298,3.50165,3.0,15.0,Su-27 Flanker  —  σ=3–15 m²
15.9,101,SU27_01_43km_head-on,36600.0,2800.0,3680.0,15247.45,1405.91,1598.64,17.12,21638.34,0.13,CONFIRMED,True,3.38506,3.50273,3.0,15.0,Su-27 Flanker  —  σ=3–15 m²
16.0,101,SU27_01_43km_head-on,36560.0,2805.0,3678.0,15345.93,1419.41,1609.61,-9.68,21499.0,0.13,CONFIRMED,True,1.04185,3.50381,3.0,15.0,Su-27 Flanker  —  σ=3–15 m²
16.1,101,SU27_01_43km_head-on,36520.0,2810.0,3676.0,15444.41,1432.86,1620.57,25.2,21359.66,1.29,CONFIRMED,True,21.55713,3.50489,3.0,15.0,Su-27 Flanker  —  σ=3–15 m²
16.2,101,SU27_01_43km_head-on,36480.0,2815.0,3674.0,15542.93,1446.06,1631.26,14.24,21220.32,6.69,CONFIRMED,True,1.7204,3.50597,3.0,15.0,Su-27 Flanker  —  σ=3–15 m²
16.3,101,SU27_01_43km_head-on,36440.0,2820.0,3672.0,15641.55,1458.98,1641.58,17.3,21080.97,3.07,CONFIRMED,True,3.46374,3.50706,3.0,15.0,Su-27 Flanker  —  σ=3–15 m²
16.4,101,SU27_01_43km_head-on,36400.0,2825.0,3670.0,15740.2,1471.69,1651.81,21.0,20941.6,2.52,CONFIRMED,True,8.10038,3.50815,3.0,15.0,Su-27 Flanker  —  σ=3–15 m²
16.5,101,SU27_01_43km_head-on,36360.0,2830.0,3668.0,15838.88,1484.16,1662.14,21.52,20802.21,2.8,CONFIRMED,True,9.08426,3.50924,3.0,15.0,Su-27 Flanker  —  σ=3–15 m²
16.6,101,SU27_01_43km_head-on,36320.0,2835.0,3666.0,15937.56,1496.48,1672.57,20.97,20662.8,0.83,CONFIRMED,True,7.97742,3.51034,3.0,15.0,Su-27 Flanker  —  σ=3–15 m²
16.7,101,SU27_01_43km_head-on,36280.0,2840.0,3664.0,16036.28,1508.57,1682.82,13.87,20523.38,5.77,CONFIRMED,True,1.54608,3.51144,3.0,15.0,Su-27 Flanker  —  σ=3–15 m²
16.8,101,SU27_01_43km_head-on,36240.0,2845.0,3662.0,16135.08,1520.22,1692.79,16.73,20383.96,5.24,CONFIRMED,True,2.97391,3.51255,3.0,15.0,Su-27 Flanker  —  σ=3–15 m²
16.9,101,SU27_01_43km_head-on,36200.0,2850.0,3660.0,16233.95,1531.65,1702.6,20.23,20244.52,2.25,CONFIRMED,True,6.6402,3.51366,3.0,15.0,Su-27 Flanker  —  σ=3–15 m²
17.0,101,SU27_01_43km_head-on,36160.0,2855.0,3658.0,16332.8,1543.18,1712.33,17.93,20105.04,2.18,CONFIRMED,True,3.89352,3.51477,3.0,15.0,Su-27 Flanker  —  σ=3–15 m²
17.1,101,SU27_01_43km_head-on,36120.0,2860.0,3656.0,16431.63,1554.87,1722.2,20.15,19965.57,2.14,CONFIRMED,True,6.46197,3.51588,3.0,15.0,Su-27 Flanker  —  σ=3–15 m²
17.2,101,SU27_01_43km_head-on,36080.0,2865.0,3654.0,16530.43,1566.67,1732.26,14.87,19826.11,2.61,CONFIRMED,True,1.9065,3.517,3.0,15.0,Su-27 Flanker  —  σ=3–15 m²
17.3,101,SU27_01_43km_head-on,36040.0,2870.0,3652.0,16629.18,1578.7,1742.52,20.1,19686.66,3.73,CONFIRMED,True,6.33134,3.51813,3.0,15.0,Su-27 Flanker  —  σ=3–15 m²
17.4,101,SU27_01_43km_head-on,36000.0,2875.0,3650.0,16727.87,1591.03,1752.99,-3.78,19547.22,3.71,CONFIRMED,True,1.0951,3.51925,3.0,15.0,Su-27 Flanker  —  σ=3–15 m²
17.5,101,SU27_01_43km_head-on,35960.0,2880.0,3648.0,16826.5,1603.65,1763.66,19.19,19407.79,3.77,CONFIRMED,True,5.08637,3.52038,3.0,15.0,Su-27 Flanker  —  σ=3–15 m²
17.6,101,SU27_01_43km_head-on,35920.0,2885.0,3646.0,16925.07,1616.66,1774.5,16.01,19268.38,5.03,CONFIRMED,True,2.43555,3.52152,3.0,15.0,Su-27 Flanker  —  σ=3–15 m²
17.7,101,SU27_01_43km_head-on,35880.0,2890.0,3644.0,17023.58,1630.1,1785.4,17.6,19129.0,4.13,CONFIRMED,True,3.49926,3.52265,3.0,15.0,Su-27 Flanker  —  σ=3–15 m²
17.8,101,SU27_01_43km_head-on,35840.0,2895.0,3642.0,17122.04,1643.73,1796.33,14.54,18989.64,0.37,CONFIRMED,True,1.72088,3.52379,3.0,15.0,Su-27 Flanker  —  σ=3–15 m²
17.9,101,SU27_01_43km_head-on,35800.0,2900.0,3640.0,17220.52,1657.23,1807.2,17.9,18850.31,2.82,CONFIRMED,True,3.71253,3.52494,3.0,15.0,Su-27 Flanker  —  σ=3–15 m²
18.0,101,SU27_01_43km_head-on,35760.0,2905.0,3638.0,17319.02,1670.54,1818.09,16.87,18710.98,2.53,CONFIRMED,True,2.91697,3.52609,3.0,15.0,Su-27 Flanker  —  σ=3–15 m²
18.1,101,SU27_01_43km_head-on,35720.0,2910.0,3636.0,17417.51,1683.81,1829.25,14.76,18571.64,3.65,CONFIRMED,True,1.7874,3.52724,3.0,15.0,Su-27 Flanker  —  σ=3–15 m²
18.2,101,SU27_01_43km_head-on,35680.0,2915.0,3634.0,17515.95,1697.05,1840.85,20.05,18432.28,5.19,CONFIRMED,True,6.01798,3.5284,3.0,15.0,Su-27 Flanker  —  σ=3–15 m²
18.3,101,SU27_01_43km_head-on,35640.0,2920.0,3632.0,17614.34,1710.23,1852.94,-0.34,18292.94,5.15,CONFIRMED,True,0.44061,3.52956,3.0,15.0,Su-27 Flanker  —  σ=3–15 m²
18.4,101,SU27_01_43km_head-on,35600.0,2925.0,3630.0,17712.68,1723.33,1865.53,-3.96,18153.6,5.11,CONFIRMED,True,0.92197,3.53072,3.0,15.0,Su-27 Flanker  —  σ=3–15 m²
18.5,101,SU27_01_43km_head-on,35560.0,2930.0,3628.0,17810.96,1736.37,1878.61,-5.15,18014.26,5.06,CONFIRMED,True,0.63922,3.53189,3.0,15.0,Su-27 Flanker  —  σ=3–15 m²
18.6,101,SU27_01_43km_head-on,35520.0,2935.0,3626.0,17909.19,1749.34,1892.17,-5.99,17874.94,5.02,CONFIRMED,True,0.43451,3.53306,3.0,15.0,Su-27 Flanker  —  σ=3–15 m²
18.7,101,SU27_01_43km_head-on,35480.0,2940.0,3624.0,18007.4,1762.19,1905.85,17.55,17735.63,3.0,CONFIRMED,True,3.30868,3.53423,3.0,15.0,Su-27 Flanker  —  σ=3–15 m²
18.8,101,SU27_01_43km_head-on,35440.0,2945.0,3622.0,18105.67,1774.91,1919.28,-3.89,17596.33,2.98,CONFIRMED,True,0.70829,3.53541,3.0,15.0,Su-27 Flanker  —  σ=3–15 m²
18.9,101,SU27_01_43km_head-on,35400.0,2950.0,3620.0,18203.98,1787.64,1932.39,22.79,17457.02,4.34,CONFIRMED,True,10.95776,3.53659,3.0,15.0,Su-27 Flanker  —  σ=3–15 m²
19.0,101,SU27_01_43km_head-on,35360.0,2955.0,3618.0,18302.33,1800.44,1945.16,19.6,17317.68,2.71,CONFIRMED,True,5.23667,3.53778,3.0,15.0,Su-27 Flanker  —  σ=3–15 m²
19.1,101,SU27_01_43km_head-on,35320.0,2960.0,3616.0,18400.7,1813.33,1957.68,18.85,17178.35,3.34,CONFIRMED,True,4.38172,3.53897,3.0,15.0,Su-27 Flanker  —  σ=3–15 m²
19.2,101,SU27_01_43km_head-on,35280.0,2965.0,3614.0,18499.09,1826.32,1969.9,18.83,17039.0,3.23,CONFIRMED,True,4.34693,3.54016,3.0,15.0,Su-27 Flanker  —  σ=3–15 m²
19.3,101,SU27_01_43km_head-on,35240.0,2970.0,3612.0,18597.55,1839.13,1981.67,14.53,16899.66,6.94,CONFIRMED,True,1.60881,3.54136,3.0,15.0,Su-27 Flanker  —  σ=3–15 m²
19.4,101,SU27_01_43km_head-on,35200.0,2975.0,3610.0,18696.11,1851.81,1992.79,17.53,16760.31,7.41,CONFIRMED,True,3.19002,3.54256,3.0,15.0,Su-27 Flanker  —  σ=3–15 m²
19.5,101,SU27_01_43km_head-on,35160.0,2980.0,3608.0,18794.72,1864.69,2003.29,15.41,16620.93,6.28,CONFIRMED,True,1.95067,3.54377,3.0,15.0,Su-27 Flanker  —  σ=3–15 m²
19.6,101,SU27_01_43km_head-on,35120.0,2985.0,3606.0,18893.33,1877.86,2013.55,21.19,16481.54,2.86,CONFIRMED,True,7.35483,3.54498,3.0,15.0,Su-27 Flanker  —  σ=3–15 m²
19.7,101,SU27_01_43km_head-on,35080.0,2990.0,3604.0,18991.9,1891.31,2023.83,7.34,16342.17,2.84,CONFIRMED,True,0.41075,3.54619,3.0,15.0,Su-27 Flanker  —  σ=3–15 m²
19.8,101,SU27_01_43km_head-on,35040.0,2995.0,3602.0,19090.42,1904.88,2034.23,21.37,16202.81,2.04,CONFIRMED,True,7.58707,3.54741,3.0,15.0,Su-27 Flanker  —  σ=3–15 m²
19.9,101,SU27_01_43km_head-on,35000.0,3000.0,3600.0,19188.93,1918.42,2044.83,5.12,16063.48,2.02,CONFIRMED,True,0.64883,3.54863,3.0,15.0,Su-27 Flanker  —  σ=3–15 m²
20.0,101,SU27_01_43km_head-on,34960.0,3005.0,3598.0,19287.43,1931.88,2055.65,21.29,15924.14,2.99,CONFIRMED,True,7.39817,3.54986,3.0,15.0,Su-27 Flanker  —  σ=3–15 m²
20.1,101,SU27_01_43km_head-on,34920.0,3010.0,3596.0,19385.91,1945.2,2066.73,-13.68,15784.8,2.96,CONFIRMED,True,0.9426,3.55109,3.0,15.0,Su-27 Flanker  —  σ=3–15 m²
20.2,101,SU27_01_43km_head-on,34880.0,3015.0,3594.0,19484.4,1958.35,2077.95,21.17,15645.46,2.19,CONFIRMED,True,7.12228,3.55232,3.0,15.0,Su-27 Flanker  —  σ=3–15 m²
20.3,101,SU27_01_43km_head-on,34840.0,3020.0,3592.0,19582.91,1971.29,2089.21,-0.12,15506.11,2.17,CONFIRMED,True,0.3,3.55356,3.0,15.0,Su-27 Flanker  —  σ=3–15 m²
20.4,101,SU27_01_43km_head-on,34800.0,3025.0,3590.0,19681.45,1984.07,2100.44,20.09,15366.75,1.41,CONFIRMED,True,5.50228,3.5548,3.0,15.0,Su-27 Flanker  —  σ=3–15 m²
20.5,101,SU27_01_43km_head-on,34760.0,3030.0,3588.0,19780.0,1996.95,2111.57,19.98,15227.37,3.77,CONFIRMED,True,5.34743,3.55605,3.0,15.0,Su-27 Flanker  —  σ=3–15 m²
20.6,101,SU27_01_43km_head-on,34720.0,3035.0,3586.0,19878.52,2010.29,2122.4,17.03,15087.99,7.43,CONFIRMED,True,2.70011,3.5573,3.0,15.0,Su-27 Flanker  —  σ=3–15 m²
20.7,101,SU27_01_43km_head-on,34680.0,3040.0,3584.0,19977.02,2024.2,2132.78,-13.4,14948.63,7.35,CONFIRMED,True,0.59458,3.55855,3.0,15.0,Su-27 Flanker  —  σ=3–15 m²
20.8,101,SU27_01_43km_head-on,34640.0,3045.0,3582.0,20075.48,2038.51,2142.9,21.69,14809.3,2.55,CONFIRMED,True,7.8243,3.55981,3.0,15.0,Su-27 Flanker  —  σ=3–15 m²
20.9,101,SU27_01_43km_head-on,34600.0,3050.0,3580.0,20173.91,2052.92,2153.07,20.59,14670.01,1.73,CONFIRMED,True,6.04274,3.56107,3.0,15.0,Su-27 Flanker  —  σ=3–15 m²
21.0,101,SU27_01_43km_head-on,34560.0,3055.0,3578.0,20272.34,2067.26,2163.39,2.42,14530.74,1.71,CONFIRMED,True,0.3,3.56234,3.0,15.0,Su-27 Flanker  —  σ=3–15 m²
21.1,101,SU27_01_43km_head-on,34520.0,3060.0,3576.0,20370.75,2081.56,2173.88,-13.4,14391.46,1.7,CONFIRMED,True,0.41729,3.56361,3.0,15.0,Su-27 Flanker  —  σ=3–15 m²
21.2,101,SU27_01_43km_head-on,34480.0,3065.0,3574.0,20469.18,2095.63,2184.41,15.48,14252.18,4.18,CONFIRMED,True,1.83809,3.56489,3.0,15.0,Su-27 Flanker  —  σ=3–15 m²
21.3,101,SU27_01_43km_head-on,34440.0,3070.0,3572.0,20567.67,2109.29,2194.9,1.84,14112.89,4.14,CONFIRMED,True,0.61913,3.56617,3.0,15.0,Su-27 Flanker  —  σ=3–15 m²
21.4,101,SU27_01_43km_head-on,34400.0,3075.0,3570.0,20666.22,2122.56,2205.33,-5.18,13973.58,4.1,CONFIRMED,True,0.87454,3.56745,3.0,15.0,Su-27 Flanker  —  σ=3–15 m²
21.5,101,SU27_01_43km_head-on,34360.0,3080.0,3568.0,20764.83,2135.44,2215.71,0.64,13834.24,4.06,CONFIRMED,True,0.3,3.56874,3.0,15.0,Su-27 Flanker  —  σ=3–15 m²
21.6,101,SU27_01_43km_head-on,34320.0,3085.0,3566.0,20863.49,2147.86,2226.1,16.01,13694.88,5.48,CONFIRMED,True,2.04018,3.57003,3.0,15.0,Su-27 Flanker  —  σ=3–15 m²
21.7,101,SU27_01_43km_head-on,34280.0,3090.0,3564.0,20962.2,2159.96,2236.54,21.52,13555.49,1.25,CONFIRMED,True,7.22048,3.57133,3.0,15.0,Su-27 Flanker  —  σ=3–15 m²
21.8,101,SU27_01_43km_head-on,34240.0,3095.0,3562.0,21060.91,2172.01,2247.12,21.8,13416.07,2.53,CONFIRMED,True,7.65801,3.57263,3.0,15.0,Su-27 Flanker  —  σ=3–15 m²
21.9,101,SU27_01_43km_head-on,34200.0,3100.0,3560.0,21159.59,2184.02,2257.97,15.35,13276.64,2.99,CONFIRMED,True,1.72846,3.57394,3.0,15.0,Su-27 Flanker  —  σ=3–15 m²
22.0,101,SU27_01_43km_head-on,34160.0,3105.0,3558.0,21258.25,2195.95,2269.09,5.37,13137.22,2.95,CONFIRMED,True,0.3,3.57525,3.0,15.0,Su-27 Flanker  —  σ=3–15 m²
22.1,101,SU27_01_43km_head-on,34120.0,3110.0,3556.0,21356.89,2207.8,2280.48,-12.49,12997.8,2.92,CONFIRMED,True,0.3,3.57656,3.0,15.0,Su-27 Flanker  —  σ=3–15 m²
22.2,101,SU27_01_43km_head-on,34080.0,3115.0,3554.0,21455.5,2219.68,2292.15,14.23,12858.38,3.12,CONFIRMED,True,1.3166,3.57788,3.0,15.0,Su-27 Flanker  —  σ=3–15 m²
22.3,101,SU27_01_43km_head-on,34040.0,3120.0,3552.0,21554.06,2231.67,2304.13,23.36,12718.96,3.98,CONFIRMED,True,10.73432,3.5792,3.0,15.0,Su-27 Flanker  —  σ=3–15 m²
22.4,101,SU27_01_43km_head-on,34000.0,3125.0,3550.0,21652.56,2243.86,2316.43,23.63,12579.55,4.21,CONFIRMED,True,11.35758,3.58053,3.0,15.0,Su-27 Flanker  —  σ=3–15 m²
22.5,101,SU27_01_43km_head-on,33960.0,3130.0,3548.0,21750.98,2256.48,2328.94,20.83,12440.15,6.15,CONFIRMED,True,5.93877,3.58186,3.0,15.0,Su-27 Flanker  —  σ=3–15 m²
22.6,101,SU27_01_43km_head-on,33920.0,3135.0,3546.0,21849.33,2269.6,2341.58,21.61,12300.78,4.32,CONFIRMED,True,7.07848,3.5832,3.0,15.0,Su-27 Flanker  —  σ=3–15 m²
22.7,101,SU27_01_43km_head-on,33880.0,3140.0,3544.0,21947.6,2283.11,2354.33,-3.75,12161.45,4.27,CONFIRMED,True,0.3,3.58454,3.0,15.0,Su-27 Flanker  —  σ=3–15 m²
22.8,101,SU27_01_43km_head-on,33840.0,3145.0,3542.0,22045.78,2297.29,2367.21,15.8,12022.14,9.64,CONFIRMED,True,1.83999,3.58589,3.0,15.0,Su-27 Flanker  —  σ=3–15 m²
22.9,101,SU27_01_43km_head-on,33800.0,3150.0,3540.0,22143.83,2312.19,2380.13,19.12,11882.86,5.62,CONFIRMED,True,3.92737,3.58724,3.0,15.0,Su-27 Flanker  —  σ=3–15 m²
23.0,101,SU27_01_43km_head-on,33760.0,3155.0,3538.0,22241.83,2327.53,2392.88,18.86,11743.66,4.38,CONFIRMED,True,3.68333,3.58859,3.0,15.0,Su-27 Flanker  —  σ=3–15 m²
23.1,101,SU27_01_43km_head-on,33720.0,3160.0,3536.0,22339.82,2343.08,2405.38,17.67,11604.49,2.53,CONFIRMED,True,2.78628,3.58995,3.0,15.0,Su-27 Flanker  —  σ=3–15 m²
23.2,101,SU27_01_43km_head-on,33680.0,3165.0,3534.0,22437.84,2358.51,2417.69,21.11,11465.35,3.39,CONFIRMED,True,6.13517,3.59132,3.0,15.0,Su-27 Flanker  —  σ=3–15 m²
23.3,101,SU27_01_43km_head-on,33640.0,3170.0,3532.0,22535.92,2373.72,2429.77,17.09,11326.2,3.73,CONFIRMED,True,2.41776,3.59269,3.0,15.0,Su-27 Flanker  —  σ=3–15 m²
23.4,101,SU27_01_43km_head-on,33600.0,3175.0,3530.0,22634.07,2388.74,2441.54,-17.82,11187.02,3.68,CONFIRMED,True,0.50244,3.59406,3.0,15.0,Su-27 Flanker  —  σ=3–15 m²
23.5,101,SU27_01_43km_head-on,33560.0,3180.0,3528.0,22732.28,2403.44,2453.22,15.9,11047.83,4.96,CONFIRMED,True,1.82038,3.59544,3.0,15.0,Su-27 Flanker  —  σ=3–15 m²
23.6,101,SU27_01_43km_head-on,33520.0,3185.0,3526.0,22830.52,2417.81,2465.07,24.02,10908.61,3.34,CONFIRMED,True,11.76325,3.59682,3.0,15.0,Su-27 Flanker  —  σ=3–15 m²
23.7,101,SU27_01_43km_head-on,33480.0,3190.0,3524.0,22928.79,2431.85,2476.99,20.71,10769.36,4.59,CONFIRMED,True,5.4609,3.59821,3.0,15.0,Su-27 Flanker  —  σ=3–15 m²
23.8,101,SU27_01_43km_head-on,33440.0,3195.0,3522.0,23027.15,2445.54,2488.61,17.75,10630.1,5.58,CONFIRMED,True,2.74747,3.5996,3.0,15.0,Su-27 Flanker  —  σ=3–15 m²
23.9,101,SU27_01_43km_head-on,33400.0,3200.0,3520.0,23125.58,2459.08,2499.85,24.63,10490.81,2.91,CONFIRMED,True,13.34896,3.601,3.0,15.0,Su-27 Flanker  —  σ=3–15 m²
24.0,101,SU27_01_43km_head-on,33360.0,3205.0,3518.0,23224.06,2472.56,2510.8,19.11,10351.49,3.38,CONFIRMED,True,3.72272,3.6024,3.0,15.0,Su-27 Flanker  —  σ=3–15 m²
24.1,101,SU27_01_43km_head-on,33320.0,3210.0,3516.0,23322.57,2485.91,2521.6,16.7,10212.16,2.37,CONFIRMED,True,2.12897,3.60381,3.0,15.0,Su-27 Flanker  —  σ=3–15 m²
24.2,101,SU27_01_43km_head-on,33280.0,3215.0,3514.0,23421.09,2498.88,2532.59,16.8,10072.83,6.32,CONFIRMED,True,2.17092,3.60522,3.0,15.0,Su-27 Flanker  —  σ=3–15 m²
24.3,101,SU27_01_43km_head-on,33240.0,3220.0,3512.0,23519.64,2511.79,2543.69,18.34,9933.48,4.14,CONFIRMED,True,3.07672,3.60664,3.0,15.0,Su-27 Flanker  —  σ=3–15 m²
24.4,101,SU27_01_43km_head-on,33200.0,3225.0,3510.0,23618.16,2525.11,2554.62,20.86,9794.11,4.82,CONFIRMED,True,5.47016,3.60806,3.0,15.0,Su-27 Flanker  —  σ=3–15 m²
24.5,101,SU27_01_43km_head-on,33160.0,3230.0,3508.0,23716.67,2538.47,2565.31,15.18,9654.75,4.12,CONFIRMED,True,1.47422,3.60949,3.0,15.0,Su-27 Flanker  —  σ=3–15 m²
24.6,101,SU27_01_43km_head-on,33120.0,3235.0,3506.0,23815.2,2551.99,2575.97,17.04,9515.43,6.35,CONFIRMED,True,2.25159,3.61092,3.0,15.0,Su-27 Flanker  —  σ=3–15 m²
24.7,101,SU27_01_43km_head-on,33080.0,3240.0,3504.0,23913.6,2566.03,2587.06,16.18,9376.08,8.57,CONFIRMED,True,1.83851,3.61236,3.0,15.0,Su-27 Flanker  —  σ=3–15 m²
24.8,101,SU27_01_43km_head-on,33040.0,3245.0,3502.0,24011.87,2580.66,2598.64,24.11,9236.77,7.76,CONFIRMED,True,11.35181,3.6138,3.0,15.0,Su-27 Flanker  —  σ=3–15 m²
24.9,101,SU27_01_43km_head-on,33000.0,3250.0,3500.0,24110.05,2595.82,2610.16,14.7,9097.5,5.81,CONFIRMED,True,1.29413,3.61524,3.0,15.0,Su-27 Flanker  —  σ=3–15 m²
25.0,101,SU27_01_43km_head-on,32960.0,3255.0,3498.0,24208.19,2611.44,2621.56,16.13,8958.29,5.63,CONFIRMED,True,1.79164,3.6167,3.0,15.0,Su-27 Flanker  —  σ=3–15 m²
25.1,101,SU27_01_43km_head-on,32920.0,3260.0,3496.0,24306.24,2627.43,2633.09,21.89,8819.1,2.81,CONFIRMED,True,6.71926,3.61815,3.0,15.0,Su-27 Flanker  —  σ=3–15 m²
25.2,101,SU27_01_43km_head-on,32880.0,3265.0,3494.0,24404.23,2643.68,2644.73,-3.7,8679.96,2.76,CONFIRMED,True,0.59432,3.61961,3.0,15.0,Su-27 Flanker  —  σ=3–15 m²
25.3,101,SU27_01_43km_head-on,32840.0,3270.0,3492.0,24502.17,2659.95,2656.63,17.72,8540.84,4.78,CONFIRMED,True,2.54472,3.62108,3.0,15.0,Su-27 Flanker  —  σ=3–15 m²
25.4,101,SU27_01_43km_head-on,32800.0,3275.0,3490.0,24600.1,2676.1,2668.87,20.92,8401.75,2.67,CONFIRMED,True,5.28921,3.62255,3.0,15.0,Su-27 Flanker  —  σ=3–15 m²
25.5,101,SU27_01_43km_head-on,32760.0,3280.0,3488.0,24698.0,2692.35,2681.22,17.73,8262.65,2.41,CONFIRMED,True,2.52492,3.62403,3.0,15.0,Su-27 Flanker  —  σ=3–15 m²
25.6,101,SU27_01_43km_head-on,32720.0,3285.0,3486.0,24795.87,2708.62,2693.76,16.97,8123.55,5.02,CONFIRMED,True,2.1131,3.62551,3.0,15.0,Su-27 Flanker  —  σ=3–15 m²
25.7,101,SU27_01_43km_head-on,32680.0,3290.0,3484.0,24893.71,2724.95,2706.56,14.71,7984.47,3.45,CONFIRMED,True,1.25023,3.627,3.0,15.0,Su-27 Flanker  —  σ=3–15 m²
25.8,101,SU27_01_43km_head-on,32640.0,3295.0,3482.0,24991.47,2741.55,2719.57,15.29,7845.39,4.59,CONFIRMED,True,1.41961,3.62849,3.0,15.0,Su-27 Flanker  —  σ=3–15 m²
25.9,101,SU27_01_43km_head-on,32600.0,3300.0,3480.0,25089.18,2758.29,2732.77,18.07,7706.34,1.03,CONFIRMED,True,2.68139,3.62999,3.0,15.0,Su-27 Flanker  —  σ=3–15 m²
26.0,101,SU27_01_43km_head-on,32560.0,3305.0,3478.0,25186.89,2774.91,2745.85,22.96,7567.32,4.16,CONFIRMED,True,8.23736,3.63149,3.0,15.0,Su-27 Flanker  —  σ=3–15 m²
26.1,101,SU27_01_43km_head-on,32520.0,3310.0,3476.0,25284.7,2791.34,2758.6,17.17,7428.31,4.36,CONFIRMED,True,2.16144,3.633,3.0,15.0,Su-27 Flanker  —  σ=3–15 m²
26.2,101,SU27_01_43km_head-on,32480.0,3315.0,3474.0,25382.59,2807.68,2770.63,21.67,7289.26,10.66,CONFIRMED,True,6.05113,3.63452,3.0,15.0,Su-27 Flanker  —  σ=3–15 m²
26.3,101,SU27_01_43km_head-on,32440.0,3320.0,3472.0,25480.6,2823.93,2781.94,23.74,7150.19,4.37,CONFIRMED,True,9.70409,3.63603,3.0,15.0,Su-27 Flanker  —  σ=3–15 m²
26.4,101,SU27_01_43km_head-on,32400.0,3325.0,3470.0,25578.66,2840.08,2793.03,23.9,7011.1,1.13,CONFIRMED,True,10.03671,3.63756,3.0,15.0,Su-27 Flanker  —  σ=3–15 m²
26.5,101,SU27_01_43km_head-on,32360.0,3330.0,3468.0,25676.75,2855.92,2804.14,21.53,6871.98,5.02,CONFIRMED,True,5.77754,3.63909,3.0,15.0,Su-27 Flanker  —  σ=3–15 m²
26.6,101,SU27_01_43km_head-on,32320.0,3335.0,3466.0,25774.92,2871.25,2815.2,15.41,6732.85,5.87,CONFIRMED,True,1.40441,3.64062,3.0,15.0,Su-27 Flanker  —  σ=3–15 m²
26.7,101,SU27_01_43km_head-on,32280.0,3340.0,3464.0,25873.16,2886.18,2826.36,24.19,6593.68,3.89,CONFIRMED,True,10.55595,3.64216,3.0,15.0,Su-27 Flanker  —  σ=3–15 m²
26.8,101,SU27_01_43km_head-on,32240.0,3345.0,3462.0,25971.37,2901.19,2837.85,19.96,6454.47,5.79,CONFIRMED,True,3.96664,3.64371,3.0,15.0,Su-27 Flanker  —  σ=3–15 m²
26.9,101,SU27_01_43km_head-on,32200.0,3350.0,3460.0,26069.5,2916.68,2849.5,14.53,6315.24,5.7,CONFIRMED,True,1.13205,3.64526,3.0,15.0,Su-27 Flanker  —  σ=3–15 m²
27.0,101,SU27_01_43km_head-on,32160.0,3355.0,3458.0,26167.57,2932.33,2861.1,18.15,6176.04,2.4,CONFIRMED,True,2.59229,3.64682,3.0,15.0,Su-27 Flanker  —  σ=3–15 m²
27.1,101,SU27_01_43km_head-on,32120.0,3360.0,3456.0,26265.66,2947.7,2872.99,17.62,6036.9,7.21,CONFIRMED,True,2.28426,3.64838,3.0,15.0,Su-27 Flanker  —  σ=3–15 m²
27.2,101,SU27_01_43km_head-on,32080.0,3365.0,3454.0,26363.76,2962.82,2885.02,21.39,5897.73,3.77,CONFIRMED,True,5.41147,3.64995,3.0,15.0,Su-27 Flanker  —  σ=3–15 m²
27.3,101,SU27_01_43km_head-on,32040.0,3370.0,3452.0,26461.93,2977.65,2896.84,22.21,5758.55,4.42,CONFIRMED,True,6.50535,3.65152,3.0,15.0,Su-27 Flanker  —  σ=3–15 m²
27.4,101,SU27_01_43km_head-on,32000.0,3375.0,3450.0,26560.13,2992.25,2908.84,18.9,5619.35,4.84,CONFIRMED,True,3.01814,3.6531,3.0,15.0,Su-27 Flanker  —  σ=3–15 m²
27.5,101,SU27_01_43km_head-on,31960.0,3380.0,3448.0,26658.23,3007.09,2921.52,19.86,5480.11,10.54,CONFIRMED,True,3.74623,3.65469,3.0,15.0,Su-27 Flanker  —  σ=3–15 m²
27.6,101,SU27_01_43km_head-on,31920.0,3385.0,3446.0,26756.23,3022.02,2934.57,20.26,5340.88,3.61,CONFIRMED,True,4.09593,3.65628,3.0,15.0,Su-27 Flanker  —  σ=3–15 m²
27.7,101,SU27_01_43km_head-on,31880.0,3390.0,3444.0,26854.3,3036.27,2947.63,21.7,5201.72,10.57,CONFIRMED,True,5.67762,3.65787,3.0,15.0,Su-27 Flanker  —  σ=3–15 m²
27.8,101,SU27_01_43km_head-on,31840.0,3395.0,3442.0,26952.56,3049.64,2960.11,16.33,5062.53,15.45,CONFIRMED,True,1.63846,3.65948,3.0,15.0,Su-27 Flanker  —  σ=3–15 m²
27.9,101,SU27_01_43km_head-on,31800.0,3400.0,3440.0,27051.05,3062.34,2971.58,23.04,4923.27,9.82,CONFIRMED,True,7.65651,3.66108,3.0,15.0,Su-27 Flanker  —  σ=3–15 m²
28.0,101,SU27_01_43km_head-on,31760.0,3405.0,3438.0,27149.62,3075.23,2982.68,14.92,4783.93,9.41,CONFIRMED,True,1.17362,3.6627,3.0,15.0,Su-27 Flanker  —  σ=3–15 m²
28.1,101,SU27_01_43km_head-on,31720.0,3410.0,3436.0,27248.04,3088.97,2994.07,20.33,4644.53,10.54,CONFIRMED,True,4.0564,3.66432,3.0,15.0,Su-27 Flanker  —  σ=3–15 m²
28.2,101,SU27_01_43km_head-on,31680.0,3415.0,3434.0,27346.32,3103.17,3005.97,21.95,4505.19,4.54,CONFIRMED,True,5.86849,3.66594,3.0,15.0,Su-27 Flanker  —  σ=3–15 m²
28.3,101,SU27_01_43km_head-on,31640.0,3420.0,3432.0,27444.54,3117.52,3018.13,22.01,4365.92,2.53,CONFIRMED,True,5.91335,3.66757,3.0,15.0,Su-27 Flanker  —  σ=3–15 m²
28.4,101,SU27_01_43km_head-on,31600.0,3425.0,3430.0,27542.61,3132.89,3030.79,16.85,4226.66,21.1,CONFIRMED,True,1.79438,3.66921,3.0,15.0,Su-27 Flanker  —  σ=3–15 m²
28.5,101,SU27_01_43km_head-on,31560.0,3430.0,3428.0,27640.4,3149.48,3043.64,23.7,4087.44,8.58,CONFIRMED,True,8.654,3.67085,3.0,15.0,Su-27 Flanker  —  σ=3–15 m²
28.6,101,SU27_01_43km_head-on,31520.0,3435.0,3426.0,27738.16,3166.56,3055.92,25.18,3948.38,7.21,CONFIRMED,True,12.09667,3.6725,3.0,15.0,Su-27 Flanker  —  σ=3–15 m²
28.7,101,SU27_01_43km_head-on,31480.0,3440.0,3424.0,27835.88,3183.97,3068.26,19.56,3809.37,8.14,CONFIRMED,True,3.30279,3.67416,3.0,15.0,Su-27 Flanker  —  σ=3–15 m²
28.8,101,SU27_01_43km_head-on,31440.0,3445.0,3422.0,27933.46,3201.91,3081.14,18.62,3670.38,9.04,CONFIRMED,True,2.64268,3.67582,3.0,15.0,Su-27 Flanker  —  σ=3–15 m²
28.9,101,SU27_01_43km_head-on,31400.0,3450.0,3420.0,28030.9,3219.83,3094.4,21.07,3531.45,9.52,CONFIRMED,True,4.62222,3.67749,3.0,15.0,Su-27 Flanker  —  σ=3–15 m²
29.0,101,SU27_01_43km_head-on,31360.0,3455.0,3418.0,28128.49,3236.48,3107.79,22.03,3392.62,17.82,CONFIRMED,True,5.74815,3.67916,3.0,15.0,Su-27 Flanker  —  σ=3–15 m²
29.1,101,SU27_01_43km_head-on,31320.0,3460.0,3416.0,28226.32,3251.81,3121.46,19.39,3253.71,11.86,CONFIRMED,True,3.10925,3.68084,3.0,15.0,Su-27 Flanker  —  σ=3–15 m²
29.2,101,SU27_01_43km_head-on,31280.0,3465.0,3414.0,28324.23,3266.28,3135.58,23.07,3114.63,8.4,CONFIRMED,True,7.23306,3.68252,3.0,15.0,Su-27 Flanker  —  σ=3–15 m²
29.3,101,SU27_01_43km_head-on,31240.0,3470.0,3412.0,28422.21,3279.99,3149.95,-2.73,2975.5,7.99,CONFIRMED,True,0.34785,3.68421,3.0,15.0,Su-27 Flanker  —  σ=3–15 m²
29.4,101,SU27_01_43km_head-on,31200.0,3475.0,3410.0,28520.34,3293.26,3163.4,16.97,2836.32,21.4,CONFIRMED,True,1.75775,3.68591,3.0,15.0,Su-27 Flanker  —  σ=3–15 m²
29.5,101,SU27_01_43km_head-on,31160.0,3480.0,3408.0,28618.77,3306.38,3174.82,-2.48,2697.11,20.39,CONFIRMED,True,0.67532,3.68761,3.0,15.0,Su-27 Flanker  —  σ=3–15 m²
29.6,101,SU27_01_43km_head-on,31120.0,3485.0,3406.0,28717.4,3319.91,3184.28,20.58,2557.81,22.25,CONFIRMED,True,3.99115,3.68932,3.0,15.0,Su-27 Flanker  —  σ=3–15 m²
29.7,101,SU27_01_43km_head-on,31080.0,3490.0,3404.0,28815.99,3334.77,3192.59,25.24,2418.45,17.73,CONFIRMED,True,11.6217,3.69104,3.0,15.0,Su-27 Flanker  —  σ=3–15 m²
29.8,101,SU27_01_43km_head-on,31040.0,3495.0,3402.0,28914.37,3349.88,3201.51,16.79,2279.15,20.04,CONFIRMED,True,1.65148,3.69276,3.0,15.0,Su-27 Flanker  —  σ=3–15 m²
29.9,101,SU27_01_43km_head-on,31000.0,3500.0,3400.0,29012.83,3363.62,3211.63,21.05,2139.99,18.37,CONFIRMED,True,4.38741,3.69449,3.0,15.0,Su-27 Flanker  —  σ=3–15 m²
30.0,101,SU27_01_43km_head-on,30960.0,3505.0,3398.0,29111.5,3376.35,3220.74,17.78,2000.73,30.0,CONFIRMED,True,2.05619,3.69623,3.0,15.0,Su-27 Flanker  —  σ=3–15 m²
30.1,101,SU27_01_43km_head-on,30920.0,3510.0,3396.0,29210.37,3389.87,3227.93,21.69,1861.43,22.8,CONFIRMED,True,5.0296,3.69797,3.0,15.0,Su-27 Flanker  —  σ=3–15 m²
30.2,101,SU27_01_43km_head-on,30880.0,3515.0,3394.0,29309.03,3405.49,3233.67,20.76,1722.07,30.0,CONFIRMED,True,4.04083,3.69971,3.0,15.0,Su-27 Flanker  —  σ=3–15 m²
30.3,101,SU27_01_43km_head-on,30840.0,3520.0,3392.0,29407.5,3421.87,3238.92,18.95,1582.92,12.08,CONFIRMED,True,2.64691,3.70147,3.0,15.0,Su-27 Flanker  —  σ=3–15 m²
30.4,101,SU27_01_43km_head-on,30800.0,3525.0,3390.0,29506.09,3436.72,3244.82,18.63,1443.99,24.93,CONFIRMED,True,2.44802,3.70323,3.0,15.0,Su-27 Flanker  —  σ=3–15 m²
30.5,101,SU27_01_43km_head-on,30760.0,3530.0,3388.0,29604.81,3450.35,3252.35,15.48,1305.02,30.0,CONFIRMED,True,1.18096,3.705,3.0,15.0,Su-27 Flanker  —  σ=3–15 m²
30.6,101,SU27_01_43km_head-on,30720.0,3535.0,3386.0,29703.4,3464.64,3260.05,13.65,1165.85,30.0,CONFIRMED,True,0.77092,3.70677,3.0,15.0,Su-27 Flanker  —  σ=3–15 m²
30.7,101,SU27_01_43km_head-on,30680.0,3540.0,3384.0,29802.11,3479.52,3264.99,20.76,1026.78,30.0,CONFIRMED,True,3.94261,3.70855,3.0,15.0,Su-27 Flanker  —  σ=3–15 m²
30.8,101,SU27_01_43km_head-on,30640.0,3545.0,3382.0,29900.8,3495.69,3267.98,15.3,887.98,30.0,CONFIRMED,True,1.11556,3.71034,3.0,15.0,Su-27 Flanker  —  σ=3–15 m²
30.9,101,SU27_01_43km_head-on,30600.0,3550.0,3380.0,29999.23,3511.82,3270.95,17.78,749.57,30.0,CONFIRMED,True,1.962,3.71213,3.0,15.0,Su-27 Flanker  —  σ=3–15 m²
31.0,101,SU27_01_43km_head-on,30560.0,3555.0,3378.0,30097.87,3526.19,3275.8,19.6,611.78,30.0,CONFIRMED,True,2.96974,3.71393,3.0,15.0,Su-27 Flanker  —  σ=3–15 m²
31.1,101,SU27_01_43km_head-on,30520.0,3560.0,3376.0,30196.55,3539.24,3283.19,15.34,474.17,30.0,CONFIRMED,True,1.1092,3.71574,3.0,15.0,Su-27 Flanker  —  σ=3–15 m²
31.2,101,SU27_01_43km_head-on,30480.0,3565.0,3374.0,30295.14,3550.81,3293.05,21.54,337.14,30.0,CONFIRMED,True,4.59659,3.71755,3.0,15.0,Su-27 Flanker  —  σ=3–15 m²
31.3,101,SU27_01_43km_head-on,30440.0,3570.0,3372.0,30393.34,3561.51,3305.6,25.3,202.31,30.0,CONFIRMED,True,10.86198,3.71937,3.0,15.0,Su-27 Flanker  —  σ=3–15 m²
31.4,101,SU27_01_43km_head-on,30400.0,3575.0,3370.0,30491.08,3571.7,3320.84,20.0,81.6,30.0,CONFIRMED,True,3.18956,3.7212,3.0,15.0,Su-27 Flanker  —  σ=3–15 m²
31.5,101,SU27_01_43km_head-on,30400.0,3575.0,3370.0,30491.08,3571.7,3320.84,0.19,103.56,30.0,CONFIRMED,True,0.51584,3.72303,3.0,15.0,Su-27 Flanker  —  σ=3–15 m²
