time_s,true_x,true_y,true_z,measured_x,measured_y,measured_z,filtered_x,filtered_y,filtered_z,snr_db,status
0.0,35000.0,5000.0,8000.0,35076.8,5056.72,8066.28,,,,21.92,TENTATIVE
0.1,34960.0,4995.0,7999.0,35037.01,4959.51,8008.7,,,,-0.38,TENTATIVE
0.2,34920.0,4990.0,7998.0,34705.29,4990.09,8011.45,,,,17.13,TENTATIVE
0.3,34880.0,4985.0,7997.0,34901.72,4943.91,8105.42,34837.53,5061.63,8002.11,18.18,CONFIRMED
0.4,34840.0,4980.0,7996.0,34809.87,4959.44,8006.86,34856.63,5019.96,8000.63,17.77,CONFIRMED
0.5,34800.0,4975.0,7995.0,34772.04,4988.9,7919.93,34811.16,4983.64,7972.32,13.42,CONFIRMED
0.6,34760.0,4970.0,7994.0,34823.02,5049.34,7986.47,34724.71,4976.65,8003.03,19.02,CONFIRMED
0.7,34720.0,4965.0,7993.0,,,,34673.68,4951.75,7988.88,19.73,CONFIRMED
0.8,34680.0,4960.0,7992.0,34677.64,5046.68,7876.83,34657.2,4922.12,7992.7,22.71,CONFIRMED
0.9,34640.0,4955.0,7991.0,34738.3,4916.17,8056.62,34631.59,4904.18,7992.11,-3.51,CONFIRMED
1.0,34600.0,4950.0,7990.0,34610.5,4929.08,7983.36,34619.42,4902.96,8028.06,21.35,CONFIRMED
1.1,34560.0,4945.0,7989.0,34578.12,4844.29,8005.82,34583.71,4931.22,8011.38,22.46,CONFIRMED
1.2,34520.0,4940.0,7988.0,34533.97,4928.97,7936.72,34558.23,4925.2,8013.42,-4.25,CONFIRMED
1.3,34480.0,4935.0,7987.0,34452.15,4894.3,7949.98,34532.75,4919.18,8015.46,-3.16,CONFIRMED
1.4,34440.0,4930.0,7986.0,,,,34484.99,4932.32,7996.54,14.97,CONFIRMED
1.5,34400.0,4925.0,7985.0,,,,34455.05,4930.12,7994.39,-2.17,CONFIRMED
1.6,34360.0,4920.0,7984.0,34340.13,4957.87,7944.64,34427.31,4961.44,8047.05,18.59,CONFIRMED
1.7,34320.0,4915.0,7983.0,34184.98,4871.06,8182.81,34397.81,4965.95,8055.87,-0.97,CONFIRMED
1.8,34280.0,4910.0,7982.0,,,,34368.31,4970.46,8064.68,-5.9,CONFIRMED
1.9,34240.0,4905.0,7981.0,34247.57,4958.14,8001.33,34287.81,4899.42,8037.74,17.82,CONFIRMED
2.0,34200.0,4900.0,7980.0,34163.9,4942.09,7922.37,34248.11,4888.83,8039.4,2.98,CONFIRMED
2.1,34160.0,4895.0,7979.0,34160.9,4887.15,7966.71,34186.26,4874.29,8038.77,21.58,CONFIRMED
2.2,34120.0,4890.0,7978.0,34106.81,4932.7,7936.83,34169.39,4866.38,8002.95,22.22,CONFIRMED
2.3,34080.0,4885.0,7977.0,,,,34147.69,4885.94,8059.04,15.3,CONFIRMED
2.4,34040.0,4880.0,7976.0,34055.01,4769.41,8004.28,34095.61,4877.38,7974.55,15.65,CONFIRMED
2.5,34000.0,4875.0,7975.0,34064.4,4753.0,7915.83,34041.07,4862.2,7925.66,15.09,CONFIRMED
2.6,33960.0,4870.0,7974.0,33830.22,5113.57,7983.7,33988.01,4859.97,7957.18,25.11,CONFIRMED
2.7,33920.0,4865.0,7973.0,33990.56,4851.03,7946.47,33924.02,4870.94,7973.84,16.39,CONFIRMED
2.8,33880.0,4860.0,7972.0,33954.28,4821.41,8010.31,33829.91,4903.11,7918.14,17.59,CONFIRMED
2.9,33840.0,4855.0,7971.0,33782.52,4808.85,7961.84,33795.86,4820.52,7946.34,15.65,CONFIRMED
3.0,33800.0,4850.0,7970.0,33760.81,4848.73,7908.39,33807.33,4877.29,7951.38,17.14,CONFIRMED
3.1,33760.0,4845.0,7969.0,33889.11,4941.21,7745.1,33744.12,4902.89,7965.09,19.01,CONFIRMED
3.2,33720.0,4840.0,7968.0,,,,33737.96,4884.74,8016.11,19.07,CONFIRMED
3.3,33680.0,4835.0,7967.0,33747.36,4977.66,7992.9,33667.74,4865.19,7949.83,19.23,CONFIRMED
3.4,33640.0,4830.0,7966.0,,,,33637.47,4841.09,8000.49,18.46,CONFIRMED
3.5,33600.0,4825.0,7965.0,33470.25,4816.39,7980.88,33571.41,4896.8,8046.71,16.16,CONFIRMED
3.6,33560.0,4820.0,7964.0,33549.13,4800.34,7934.33,33545.76,4847.03,8033.51,17.13,CONFIRMED
3.7,33520.0,4815.0,7963.0,,,,33582.45,4832.68,7979.51,15.5,CONFIRMED
3.8,33480.0,4810.0,7962.0,33477.22,4818.29,7991.65,33556.31,4825.22,7975.57,0.95,CONFIRMED
3.9,33440.0,4805.0,7961.0,,,,33479.51,4842.73,7959.68,18.98,CONFIRMED
4.0,33400.0,4800.0,7960.0,33384.7,4795.02,7886.71,33391.98,4831.22,7934.13,16.09,CONFIRMED
4.1,33360.0,4795.0,7959.0,,,,33337.69,4838.76,7937.46,21.59,CONFIRMED
4.2,33320.0,4790.0,7958.0,33386.63,4754.52,7984.39,33289.61,4836.85,7929.99,-1.63,CONFIRMED
4.3,33280.0,4785.0,7957.0,,,,33260.65,4820.37,7911.08,22.15,CONFIRMED
4.4,33240.0,4780.0,7956.0,33278.77,4596.38,7961.06,33178.71,4766.73,7948.84,13.82,CONFIRMED
4.5,33200.0,4775.0,7955.0,33106.69,4799.14,7984.98,33126.92,4752.14,7948.59,-10.07,CONFIRMED
4.6,33160.0,4770.0,7954.0,33172.28,4765.81,7936.03,33089.4,4772.2,7961.19,15.95,CONFIRMED
4.7,33120.0,4765.0,7953.0,,,,33052.37,4771.51,7958.73,20.04,CONFIRMED
4.8,33080.0,4760.0,7952.0,33083.97,4757.16,7972.08,33049.78,4804.92,7936.31,18.02,CONFIRMED
4.9,33040.0,4755.0,7951.0,32937.77,4758.39,7999.1,33012.02,4806.59,7932.91,6.65,CONFIRMED
5.0,33000.0,4750.0,7950.0,33057.25,4721.78,7989.92,32974.26,4808.26,7929.52,-7.5,CONFIRMED
5.1,32960.0,4745.0,7949.0,,,,32940.59,4824.44,7913.89,13.98,CONFIRMED
5.2,32920.0,4740.0,7948.0,32997.75,4678.97,7888.67,32903.65,4829.01,7908.04,-8.71,CONFIRMED
5.3,32880.0,4735.0,7947.0,32879.93,4795.37,7987.27,32813.74,4802.79,7929.73,20.34,CONFIRMED
5.4,32840.0,4730.0,7946.0,,,,32766.02,4726.82,7957.0,18.8,CONFIRMED
5.5,32800.0,4725.0,7945.0,32817.35,4765.88,7736.16,32772.46,4725.62,7984.1,18.97,CONFIRMED
5.6,32760.0,4720.0,7944.0,32950.79,4577.86,7977.27,32716.3,4804.14,7985.21,15.8,CONFIRMED
5.7,32720.0,4715.0,7943.0,32835.1,4619.01,7875.32,32698.95,4702.92,8012.52,14.14,CONFIRMED
5.8,32680.0,4710.0,7942.0,32819.5,4759.85,8013.73,32755.95,4697.51,8044.63,16.33,CONFIRMED
5.9,32640.0,4705.0,7941.0,32711.78,4872.05,8056.47,32700.6,4680.48,8001.23,22.06,CONFIRMED
6.0,32600.0,4700.0,7940.0,32679.26,4589.83,7878.86,32675.61,4665.8,8005.22,-1.59,CONFIRMED
6.1,32560.0,4695.0,7939.0,,,,32650.63,4651.12,8009.2,-0.41,CONFIRMED
6.2,32520.0,4690.0,7938.0,32380.55,4757.15,7864.83,32648.91,4657.18,8002.37,14.66,CONFIRMED
6.3,32480.0,4685.0,7937.0,32519.63,4743.96,7933.49,32554.21,4641.67,7971.93,17.69,CONFIRMED
6.4,32440.0,4680.0,7936.0,,,,32440.73,4700.12,7956.84,16.96,CONFIRMED
6.5,32400.0,4675.0,7935.0,32357.04,4698.44,7894.59,32389.87,4702.58,7950.12,-5.4,CONFIRMED
6.6,32360.0,4670.0,7934.0,,,,32307.54,4676.95,7867.06,14.4,CONFIRMED
6.7,32320.0,4665.0,7933.0,32344.94,4593.97,7914.7,32296.46,4672.98,7883.81,25.24,CONFIRMED
6.8,32280.0,4660.0,7932.0,32299.24,4670.66,7944.43,32283.96,4655.72,7903.86,20.87,CONFIRMED
6.9,32240.0,4655.0,7931.0,32159.21,4680.18,7904.66,32219.27,4688.8,7985.63,17.66,CONFIRMED
7.0,32200.0,4650.0,7930.0,32213.53,4691.0,7912.79,32250.92,4684.98,7943.05,18.76,CONFIRMED
7.1,32160.0,4645.0,7929.0,32244.43,4637.57,7983.45,32187.14,4653.51,7933.07,23.37,CONFIRMED
7.2,32120.0,4640.0,7928.0,32150.58,4594.46,7912.49,32139.17,4623.65,7931.39,17.73,CONFIRMED
7.3,32080.0,4635.0,7927.0,32048.16,4643.32,7913.85,32113.25,4632.54,7896.21,18.45,CONFIRMED
7.4,32040.0,4630.0,7926.0,,,,32076.79,4625.83,7887.55,-0.36,CONFIRMED
7.5,32000.0,4625.0,7925.0,32025.53,4616.99,7992.73,32025.71,4670.38,7906.46,18.02,CONFIRMED
7.6,31960.0,4620.0,7924.0,32032.81,4635.07,7886.08,31972.41,4649.91,7913.12,25.45,CONFIRMED
7.7,31920.0,4615.0,7923.0,31774.0,4626.04,7867.05,31960.32,4649.26,7899.07,18.76,CONFIRMED
7.8,31880.0,4610.0,7922.0,,,,31890.7,4719.67,7875.07,13.43,CONFIRMED
7.9,31840.0,4605.0,7921.0,,,,31847.85,4732.84,7867.26,-12.37,CONFIRMED
8.0,31800.0,4600.0,7920.0,31752.07,4585.44,8000.68,31820.45,4604.72,7888.38,18.67,CONFIRMED
8.1,31760.0,4595.0,7919.0,31768.2,4556.62,7898.93,31805.13,4570.92,7905.37,16.11,CONFIRMED
8.2,31720.0,4590.0,7918.0,31684.06,4613.47,7895.02,31748.57,4612.02,7879.84,20.2,CONFIRMED
8.3,31680.0,4585.0,7917.0,31700.25,4576.15,7854.0,31709.37,4605.18,7876.16,0.78,CONFIRMED
8.4,31640.0,4580.0,7916.0,,,,31668.39,4617.01,7925.71,16.49,CONFIRMED
8.5,31600.0,4575.0,7915.0,,,,31612.83,4564.93,7915.13,16.55,CONFIRMED
8.6,31560.0,4570.0,7914.0,31605.5,4661.74,7826.13,31554.9,4590.65,7890.65,17.55,CONFIRMED
8.7,31520.0,4565.0,7913.0,31574.7,4503.61,7879.8,31502.97,4585.92,7869.47,21.05,CONFIRMED
8.8,31480.0,4560.0,7912.0,31492.97,4573.93,7868.98,31482.5,4611.43,7901.77,16.36,CONFIRMED
8.9,31440.0,4555.0,7911.0,31418.3,4576.14,7959.36,31478.1,4544.4,7866.07,14.41,CONFIRMED
9.0,31400.0,4550.0,7910.0,31409.67,4558.14,7864.47,31469.27,4466.36,7856.67,18.32,CONFIRMED
9.1,31360.0,4545.0,7909.0,31366.79,4521.52,7928.46,31401.85,4482.17,7885.55,24.2,CONFIRMED
9.2,31320.0,4540.0,7908.0,31321.01,4558.02,7884.47,31396.67,4541.66,7970.0,18.45,CONFIRMED
9.3,31280.0,4535.0,7907.0,31321.66,4581.83,7999.7,31333.32,4500.03,7920.95,19.91,CONFIRMED
9.4,31240.0,4530.0,7906.0,31260.65,4495.54,7874.45,31296.25,4490.1,7925.02,-2.47,CONFIRMED
9.5,31200.0,4525.0,7905.0,31255.65,4498.62,7872.55,31239.76,4514.06,7904.15,19.81,CONFIRMED
9.6,31160.0,4520.0,7904.0,,,,31176.11,4506.57,7917.95,27.17,CONFIRMED
9.7,31120.0,4515.0,7903.0,,,,31092.88,4512.21,7924.74,18.37,CONFIRMED
9.8,31080.0,4510.0,7902.0,31153.12,4315.08,7843.42,31003.86,4516.84,7865.75,14.89,CONFIRMED
9.9,31040.0,4505.0,7901.0,31002.15,4525.0,7872.13,30988.84,4497.26,7941.96,16.27,CONFIRMED
10.0,31000.0,4500.0,7900.0,31029.51,4537.82,7941.82,30941.5,4526.86,7894.03,21.13,CONFIRMED
10.1,30960.0,4495.0,7899.0,30889.4,4471.12,7780.46,30945.34,4510.76,7873.02,22.04,CONFIRMED
10.2,30920.0,4490.0,7898.0,,,,30905.77,4509.39,7866.09,2.55,CONFIRMED
10.3,30880.0,4485.0,7897.0,30880.54,4530.47,7927.03,30816.77,4508.53,7903.89,18.32,CONFIRMED
10.4,30840.0,4480.0,7896.0,,,,30806.61,4499.24,7919.53,21.08,CONFIRMED
10.5,30800.0,4475.0,7895.0,30830.05,4433.17,7935.26,30811.9,4523.12,7902.89,14.52,CONFIRMED
10.6,30760.0,4470.0,7894.0,30708.0,4510.35,7911.0,30779.68,4525.6,7903.35,5.66,CONFIRMED
10.7,30720.0,4465.0,7893.0,30694.35,4485.97,7945.79,30737.71,4476.91,7918.06,25.3,CONFIRMED
10.8,30680.0,4460.0,7892.0,30665.76,4486.04,7847.28,30670.32,4460.56,7901.17,18.51,CONFIRMED
10.9,30640.0,4455.0,7891.0,,,,30654.41,4459.15,7923.09,14.71,CONFIRMED
11.0,30600.0,4450.0,7890.0,30694.07,4524.3,7862.06,30618.58,4451.29,7926.89,-5.82,CONFIRMED
11.1,30560.0,4445.0,7889.0,30573.68,4523.55,7788.03,30582.75,4443.43,7930.69,4.47,CONFIRMED
11.2,30520.0,4440.0,7888.0,30510.75,4527.25,7942.15,30546.92,4435.56,7934.49,3.17,CONFIRMED
11.3,30480.0,4435.0,7887.0,30373.85,4388.44,7898.11,30511.08,4427.7,7938.29,1.39,CONFIRMED
11.4,30440.0,4430.0,7886.0,30466.84,4445.68,7932.16,30478.05,4431.66,7962.5,18.31,CONFIRMED
11.5,30400.0,4425.0,7885.0,30521.92,4391.92,7862.34,30423.32,4421.44,7888.4,16.1,CONFIRMED
11.6,30360.0,4420.0,7884.0,30337.54,4088.26,8112.25,30355.15,4429.65,7879.76,22.78,CONFIRMED
11.7,30320.0,4415.0,7883.0,30279.35,4441.39,7969.09,30324.64,4357.83,7885.9,19.66,CONFIRMED
11.8,30280.0,4410.0,7882.0,30300.64,4423.98,7866.6,30288.46,4411.97,7907.62,19.24,CONFIRMED
11.9,30240.0,4405.0,7881.0,30312.56,4439.87,7965.1,30238.89,4395.14,7903.59,20.25,CONFIRMED
12.0,30200.0,4400.0,7880.0,30229.31,4559.66,7914.53,30135.01,4405.82,7928.71,21.22,CONFIRMED
12.1,30160.0,4395.0,7879.0,30193.28,4422.77,7861.9,30103.22,4343.96,7931.21,15.85,CONFIRMED
12.2,30120.0,4390.0,7878.0,30068.47,4400.52,7918.69,30057.1,4381.78,7902.44,19.83,CONFIRMED
12.3,30080.0,4385.0,7877.0,30046.42,4389.64,7853.92,30065.26,4381.75,7888.21,22.79,CONFIRMED
12.4,30040.0,4380.0,7876.0,30111.02,4546.23,7831.16,30032.67,4369.15,7880.63,19.47,CONFIRMED
12.5,30000.0,4375.0,7875.0,29971.71,4372.6,7853.37,29958.27,4396.18,7868.98,17.5,CONFIRMED
12.6,29960.0,4370.0,7874.0,29981.4,4386.72,7844.78,29945.02,4342.13,7866.75,21.15,CONFIRMED
12.7,29920.0,4365.0,7873.0,29897.63,4420.9,7875.02,29918.67,4340.97,7879.88,23.17,CONFIRMED
12.8,29880.0,4360.0,7872.0,29993.21,4372.31,7866.39,29865.43,4295.74,7874.13,16.36,CONFIRMED
12.9,29840.0,4355.0,7871.0,29945.61,4456.92,7766.63,29832.77,4356.41,7806.24,19.44,CONFIRMED
13.0,29800.0,4350.0,7870.0,29856.75,4436.46,7843.47,29784.6,4327.49,7849.24,20.75,CONFIRMED
13.1,29760.0,4345.0,7869.0,29842.36,4407.51,7913.83,29779.77,4360.42,7884.23,20.22,CONFIRMED
13.2,29720.0,4340.0,7868.0,29702.4,4384.69,7853.27,29746.81,4362.24,7888.01,1.42,CONFIRMED
13.3,29680.0,4335.0,7867.0,29849.96,4328.76,7831.15,29729.13,4349.53,7858.04,22.07,CONFIRMED
13.4,29640.0,4330.0,7866.0,29586.21,4328.7,7731.06,29674.44,4326.52,7880.53,21.54,CONFIRMED
13.5,29600.0,4325.0,7865.0,,,,29609.98,4332.95,7882.84,21.27,CONFIRMED
13.6,29560.0,4320.0,7864.0,29512.77,4310.27,7830.05,29560.67,4328.71,7815.14,18.17,CONFIRMED
13.7,29520.0,4315.0,7863.0,29640.07,4342.35,7863.63,29513.96,4314.82,7861.03,25.71,CONFIRMED
13.8,29480.0,4310.0,7862.0,29499.1,4158.46,7933.92,29533.71,4307.4,7920.46,15.02,CONFIRMED
13.9,29440.0,4305.0,7861.0,29465.04,4412.43,7866.45,29467.14,4304.21,7882.66,25.03,CONFIRMED
14.0,29400.0,4300.0,7860.0,29427.05,4342.59,7846.05,29429.25,4298.91,7884.43,1.03,CONFIRMED
14.1,29360.0,4295.0,7859.0,29354.25,4269.2,7929.92,29373.6,4288.03,7867.56,27.42,CONFIRMED
14.2,29320.0,4290.0,7858.0,,,,29328.72,4285.04,7829.51,18.39,CONFIRMED
14.3,29280.0,4285.0,7857.0,29304.65,4280.83,7922.52,29286.59,4279.31,7820.34,2.94,CONFIRMED
14.4,29240.0,4280.0,7856.0,29242.39,4225.64,7891.89,29215.35,4261.62,7818.3,22.04,CONFIRMED
14.5,29200.0,4275.0,7855.0,29067.45,4155.97,7929.11,29192.91,4256.03,7850.53,21.27,CONFIRMED
14.6,29160.0,4270.0,7854.0,,,,29135.2,4181.55,7866.42,15.25,CONFIRMED
14.7,29120.0,4265.0,7853.0,29060.31,4303.11,7829.27,29167.02,4220.42,7907.14,16.91,CONFIRMED
14.8,29080.0,4260.0,7852.0,29102.98,4295.03,7827.53,29136.72,4211.41,7917.99,2.29,CONFIRMED
14.9,29040.0,4255.0,7851.0,29038.72,4257.85,7816.21,29064.17,4261.94,7934.17,19.94,CONFIRMED
15.0,29000.0,4250.0,7850.0,28971.77,4249.14,7821.88,29002.27,4247.86,7872.87,18.63,CONFIRMED
15.1,28960.0,4245.0,7849.0,28953.51,4205.75,7808.67,28960.13,4227.18,7839.66,20.95,CONFIRMED
15.2,28920.0,4240.0,7848.0,28952.12,4203.48,7735.48,28903.76,4233.03,7837.08,21.58,CONFIRMED
15.3,28880.0,4235.0,7847.0,28765.45,4233.45,7801.25,28790.23,4216.24,7915.87,13.34,CONFIRMED
15.4,28840.0,4230.0,7846.0,28803.55,4267.46,7832.74,28783.41,4230.01,7941.09,20.97,CONFIRMED
15.5,28800.0,4225.0,7845.0,28734.44,4230.39,7932.34,28758.3,4259.36,7891.6,22.54,CONFIRMED
15.6,28760.0,4220.0,7844.0,28736.18,4154.11,7879.86,28714.22,4264.02,7891.94,-0.62,CONFIRMED
15.7,28720.0,4215.0,7843.0,28707.26,4230.66,7811.05,28728.81,4222.76,7854.15,21.45,CONFIRMED
15.8,28680.0,4210.0,7842.0,,,,28696.47,4218.24,7846.87,-1.83,CONFIRMED
15.9,28640.0,4205.0,7841.0,28787.91,4283.9,7896.82,28664.12,4213.72,7839.59,2.33,CONFIRMED
16.0,28600.0,4200.0,7840.0,28567.88,4210.52,7863.26,28598.96,4158.42,7838.51,21.38,CONFIRMED
16.1,28560.0,4195.0,7839.0,28597.54,4179.45,7804.24,28560.05,4143.74,7832.47,4.89,CONFIRMED
16.2,28520.0,4190.0,7838.0,28507.95,4167.32,7931.55,28561.12,4155.37,7835.82,21.74,CONFIRMED
16.3,28480.0,4185.0,7837.0,28507.35,4017.44,7772.3,28472.05,4159.97,7846.86,15.58,CONFIRMED
16.4,28440.0,4180.0,7836.0,28429.05,4212.36,7823.72,28431.48,4155.91,7826.1,16.63,CONFIRMED
16.5,28400.0,4175.0,7835.0,28379.92,4198.18,7802.31,28390.82,4165.71,7799.62,21.56,CONFIRMED
16.6,28360.0,4170.0,7834.0,,,,28386.31,4186.03,7783.94,20.62,CONFIRMED
16.7,28320.0,4165.0,7833.0,28281.08,4089.87,7820.36,28336.26,4150.99,7780.96,20.29,CONFIRMED
16.8,28280.0,4160.0,7832.0,28194.95,4006.3,7736.57,28327.44,4175.16,7807.05,21.29,CONFIRMED
16.9,28240.0,4155.0,7831.0,28249.92,4112.55,7851.93,28283.7,4132.36,7810.26,18.41,CONFIRMED
17.0,28200.0,4150.0,7830.0,28284.19,4207.76,7750.14,28232.39,4137.08,7806.09,21.78,CONFIRMED
17.1,28160.0,4145.0,7829.0,28088.55,4071.52,7730.63,28173.97,4139.85,7787.64,24.05,CONFIRMED
17.2,28120.0,4140.0,7828.0,,,,28108.57,4104.0,7777.11,14.16,CONFIRMED
17.3,28080.0,4135.0,7827.0,28037.61,4092.43,7912.25,28062.09,4093.63,7771.01,-9.27,CONFIRMED
17.4,28040.0,4130.0,7826.0,27971.46,4123.32,7800.58,28046.92,4112.88,7821.67,18.03,CONFIRMED
17.5,28000.0,4125.0,7825.0,28021.48,4149.51,7775.87,27996.75,4116.33,7842.38,17.83,CONFIRMED
17.6,27960.0,4120.0,7824.0,,,,27941.85,4110.98,7848.46,23.56,CONFIRMED
17.7,27920.0,4115.0,7823.0,27875.81,4130.85,7811.51,27934.67,4123.26,7819.5,18.9,CONFIRMED
17.8,27880.0,4110.0,7822.0,27933.63,4094.33,7819.38,27964.08,4092.66,7801.0,16.44,CONFIRMED
17.9,27840.0,4105.0,7821.0,27818.37,4063.2,7745.43,27940.17,4086.35,7797.72,1.86,CONFIRMED
18.0,27800.0,4100.0,7820.0,27810.88,4133.46,7817.17,27829.03,4155.95,7878.02,16.52,CONFIRMED
18.1,27760.0,4095.0,7819.0,27745.74,3950.63,7868.94,27774.75,4147.88,7836.3,19.96,CONFIRMED
18.2,27720.0,4090.0,7818.0,27751.08,4075.96,7784.69,27672.32,4077.22,7829.49,13.21,CONFIRMED
18.3,27680.0,4085.0,7817.0,27668.68,3978.86,7783.08,27660.35,4066.62,7812.83,27.15,CONFIRMED
18.4,27640.0,4080.0,7816.0,27641.56,4104.57,7893.15,27631.82,4052.86,7817.61,18.62,CONFIRMED
18.5,27600.0,4075.0,7815.0,27584.19,4158.91,7776.05,27660.54,4096.04,7792.4,16.81,CONFIRMED
18.6,27560.0,4070.0,7814.0,27573.81,4117.95,7763.74,27627.62,4092.45,7787.96,17.49,CONFIRMED
18.7,27520.0,4065.0,7813.0,27501.15,4060.74,7851.36,27565.38,4081.6,7788.81,27.86,CONFIRMED
18.8,27480.0,4060.0,7812.0,27512.92,4087.59,7871.79,27522.63,4059.39,7798.5,18.57,CONFIRMED
18.9,27440.0,4055.0,7811.0,27411.83,4104.09,7869.87,27485.14,4052.8,7796.86,-3.67,CONFIRMED
19.0,27400.0,4050.0,7810.0,27353.56,4092.28,7786.62,27409.72,4103.19,7830.67,20.01,CONFIRMED
19.1,27360.0,4045.0,7809.0,27398.24,4044.71,7801.04,27320.93,4060.08,7804.7,19.77,CONFIRMED
19.2,27320.0,4040.0,7808.0,27352.61,4051.75,7788.97,27284.53,4055.11,7814.9,26.46,CONFIRMED
19.3,27280.0,4035.0,7807.0,27286.32,3951.32,7710.72,27253.21,4037.1,7823.21,27.85,CONFIRMED
19.4,27240.0,4030.0,7806.0,,,,27199.01,4055.35,7861.9,23.98,CONFIRMED
19.5,27200.0,4025.0,7805.0,27209.36,3984.42,7779.26,27185.84,4026.67,7828.36,23.31,CONFIRMED
19.6,27160.0,4020.0,7804.0,27173.48,4047.04,7868.22,27181.0,4048.41,7789.92,19.83,CONFIRMED
19.7,27120.0,4015.0,7803.0,27227.11,4037.92,7812.45,27147.17,4046.69,7783.23,-1.84,CONFIRMED
19.8,27080.0,4010.0,7802.0,27048.65,3991.55,7798.07,27092.74,4020.7,7790.03,21.02,CONFIRMED
19.9,27040.0,4005.0,7801.0,27034.26,3935.96,7811.07,27121.91,4025.45,7779.53,16.11,CONFIRMED
20.0,27000.0,4000.0,7800.0,27136.32,3840.81,7862.88,27054.46,3996.9,7751.0,20.05,CONFIRMED
20.1,26960.0,3995.0,7799.0,26977.56,3975.87,7772.98,27006.4,4004.76,7786.7,24.0,CONFIRMED
20.2,26920.0,3990.0,7798.0,26935.48,3974.05,7851.65,26970.3,3999.0,7785.89,4.77,CONFIRMED
20.3,26880.0,3985.0,7797.0,26855.52,4038.23,7812.24,26918.22,4019.26,7740.3,18.73,CONFIRMED
20.4,26840.0,3980.0,7796.0,26882.16,3963.67,7786.82,26855.27,3995.51,7763.83,29.03,CONFIRMED
20.5,26800.0,3975.0,7795.0,26791.45,3978.73,7802.3,26811.24,3990.32,7760.72,-3.63,CONFIRMED
20.6,26760.0,3970.0,7794.0,26749.91,3975.58,7818.45,26764.9,3978.1,7765.01,26.32,CONFIRMED
20.7,26720.0,3965.0,7793.0,26725.25,3953.35,7748.28,26716.27,3962.08,7779.98,28.28,CONFIRMED
20.8,26680.0,3960.0,7792.0,26717.85,3966.8,7850.81,26679.2,3948.96,7784.05,26.58,CONFIRMED
20.9,26640.0,3955.0,7791.0,26731.82,3992.93,7764.2,26647.75,3940.08,7781.83,25.85,CONFIRMED
21.0,26600.0,3950.0,7790.0,26630.39,3900.65,7790.94,26606.52,3930.77,7783.12,-2.04,CONFIRMED
21.1,26560.0,3945.0,7789.0,26566.19,4061.06,7647.51,26535.08,3931.83,7747.9,19.11,CONFIRMED
21.2,26520.0,3940.0,7788.0,26574.48,3929.76,7797.09,26505.97,3922.92,7816.86,16.42,CONFIRMED
21.3,26480.0,3935.0,7787.0,26415.85,3971.32,7715.36,26496.32,3920.93,7790.78,17.31,CONFIRMED
21.4,26440.0,3930.0,7786.0,,,,26450.63,3934.99,7755.86,22.74,CONFIRMED
21.5,26400.0,3925.0,7785.0,26309.87,3909.44,7808.38,26406.31,3958.14,7763.0,22.82,CONFIRMED
21.6,26360.0,3920.0,7784.0,26501.0,3969.67,7774.39,26346.07,3911.02,7778.34,22.37,CONFIRMED
21.7,26320.0,3915.0,7783.0,26216.41,3911.74,7887.09,26297.05,3893.19,7753.36,17.78,CONFIRMED
21.8,26280.0,3910.0,7782.0,26322.95,3892.43,7808.09,26264.08,3969.4,7784.21,18.71,CONFIRMED
21.9,26240.0,3905.0,7781.0,26211.82,3869.12,7856.88,26228.22,3945.76,7763.57,21.84,CONFIRMED
22.0,26200.0,3900.0,7780.0,26257.08,3920.46,7783.72,26188.22,3919.3,7716.08,18.24,CONFIRMED
22.1,26160.0,3895.0,7779.0,26121.07,3856.25,7784.69,26159.52,3896.82,7759.4,24.8,CONFIRMED
22.2,26120.0,3890.0,7778.0,26251.23,3827.78,7682.76,26112.1,3869.43,7766.2,24.38,CONFIRMED
22.3,26080.0,3885.0,7777.0,26071.53,3863.6,7787.45,26120.59,3805.89,7787.34,16.62,CONFIRMED
22.4,26040.0,3880.0,7776.0,26026.82,3882.51,7771.43,26055.54,3831.77,7775.38,27.15,CONFIRMED
22.5,26000.0,3875.0,7775.0,26023.83,3959.81,7811.07,26053.79,3850.25,7783.09,22.84,CONFIRMED
22.6,25960.0,3870.0,7774.0,26027.32,3897.38,7697.46,25993.98,3857.74,7798.24,24.38,CONFIRMED
22.7,25920.0,3865.0,7773.0,25932.96,3856.37,7775.43,25918.75,3885.62,7721.14,16.05,CONFIRMED
22.8,25880.0,3860.0,7772.0,25916.67,3869.78,7790.9,25874.75,3888.37,7710.02,-0.24,CONFIRMED
22.9,25840.0,3855.0,7771.0,25884.27,3832.07,7776.17,25837.51,3865.86,7743.96,27.44,CONFIRMED
23.0,25800.0,3850.0,7770.0,25792.84,3903.64,7845.3,25786.61,3863.54,7767.27,27.66,CONFIRMED
23.1,25760.0,3845.0,7769.0,25750.92,3862.41,7769.65,25742.21,3861.88,7787.95,20.47,CONFIRMED
23.2,25720.0,3840.0,7768.0,25688.68,3811.81,7781.05,25784.82,3926.9,7834.62,16.72,CONFIRMED
23.3,25680.0,3835.0,7767.0,25746.41,3893.66,7786.05,25662.92,3869.14,7876.97,15.93,CONFIRMED
23.4,25640.0,3830.0,7766.0,,,,25623.08,3836.25,7819.35,23.85,CONFIRMED
23.5,25600.0,3825.0,7765.0,25534.35,3877.87,7745.15,25616.05,3823.92,7780.93,18.34,CONFIRMED
23.6,25560.0,3820.0,7764.0,25555.04,3836.6,7773.01,25578.87,3814.56,7776.9,-6.28,CONFIRMED
23.7,25520.0,3815.0,7763.0,25544.83,3810.41,7769.2,25519.81,3842.03,7736.07,21.38,CONFIRMED
23.8,25480.0,3810.0,7762.0,25463.15,3802.17,7788.79,25461.3,3795.3,7742.69,22.28,CONFIRMED
23.9,25440.0,3805.0,7761.0,25364.99,3825.48,7784.25,25417.87,3818.71,7739.59,21.7,CONFIRMED
24.0,25400.0,3800.0,7760.0,25402.3,3720.37,7766.62,25391.6,3823.73,7736.74,26.38,CONFIRMED
24.1,25360.0,3795.0,7759.0,25321.12,3768.97,7780.67,25366.72,3766.4,7759.42,21.3,CONFIRMED
24.2,25320.0,3790.0,7758.0,,,,25289.34,3775.97,7661.45,15.55,CONFIRMED
24.3,25280.0,3785.0,7757.0,,,,25238.83,3797.46,7694.55,21.72,CONFIRMED
24.4,25240.0,3780.0,7756.0,25257.06,3777.11,7756.03,25214.03,3798.26,7721.97,28.85,CONFIRMED
24.5,25200.0,3775.0,7755.0,25174.52,3774.12,7758.35,25219.37,3827.38,7760.47,14.84,CONFIRMED
24.6,25160.0,3770.0,7754.0,25221.31,3869.36,7757.46,25189.56,3773.65,7748.72,21.85,CONFIRMED
24.7,25120.0,3765.0,7753.0,,,,25130.6,3796.76,7740.98,21.91,CONFIRMED
24.8,25080.0,3760.0,7752.0,,,,25095.86,3745.4,7748.64,19.99,CONFIRMED
24.9,25040.0,3755.0,7751.0,25064.81,3772.4,7748.1,25018.43,3725.69,7701.44,25.51,CONFIRMED
25.0,25000.0,3750.0,7750.0,24949.78,3738.07,7817.2,24962.68,3761.68,7766.43,17.39,CONFIRMED
25.1,24960.0,3745.0,7749.0,24989.21,3704.65,7721.4,24879.91,3792.78,7715.12,16.02,CONFIRMED
25.2,24920.0,3740.0,7748.0,24922.07,3785.46,7736.25,24868.82,3778.27,7714.27,24.76,CONFIRMED
25.3,24880.0,3735.0,7747.0,24894.05,3754.95,7754.15,24857.47,3734.74,7784.97,15.39,CONFIRMED
25.4,24840.0,3730.0,7746.0,,,,24838.5,3757.56,7776.16,24.45,CONFIRMED
25.5,24800.0,3725.0,7745.0,24817.24,3782.14,7706.03,24797.45,3749.77,7758.24,30.0,CONFIRMED
25.6,24760.0,3720.0,7744.0,24766.89,3720.23,7762.08,24758.6,3739.0,7758.71,28.67,CONFIRMED
25.7,24720.0,3715.0,7743.0,24711.22,3708.82,7741.07,24751.28,3722.71,7770.19,23.21,CONFIRMED
25.8,24680.0,3710.0,7742.0,24666.88,3731.01,7751.29,24693.57,3709.38,7774.27,24.63,CONFIRMED
25.9,24640.0,3705.0,7741.0,24678.04,3719.56,7734.61,24682.15,3726.52,7742.26,16.43,CONFIRMED
26.0,24600.0,3700.0,7740.0,24621.23,3768.09,7731.16,24679.51,3736.75,7800.6,15.81,CONFIRMED
26.1,24560.0,3695.0,7739.0,24514.96,3525.7,7679.56,24624.03,3731.83,7790.7,22.15,CONFIRMED
26.2,24520.0,3690.0,7738.0,24530.5,3675.56,7742.46,24565.1,3720.52,7776.21,22.99,CONFIRMED
26.3,24480.0,3685.0,7737.0,,,,24504.09,3713.66,7753.33,23.13,CONFIRMED
26.4,24440.0,3680.0,7736.0,,,,24471.08,3656.48,7707.34,21.95,CONFIRMED
26.5,24400.0,3675.0,7735.0,24400.61,3659.91,7734.63,24434.48,3657.28,7736.83,18.8,CONFIRMED
26.6,24360.0,3670.0,7734.0,24373.08,3613.09,7755.93,24390.51,3665.99,7741.85,27.88,CONFIRMED
26.7,24320.0,3665.0,7733.0,24317.44,3679.74,7759.46,24350.24,3658.44,7739.85,-10.63,CONFIRMED
26.8,24280.0,3660.0,7732.0,24206.05,3572.02,7833.86,24240.53,3718.02,7671.19,13.17,CONFIRMED
26.9,24240.0,3655.0,7731.0,24282.81,3620.28,7711.1,24185.44,3699.37,7707.27,21.63,CONFIRMED
27.0,24200.0,3650.0,7730.0,,,,24131.1,3700.33,7702.21,5.47,CONFIRMED
27.1,24160.0,3645.0,7729.0,,,,24127.27,3670.37,7708.13,27.58,CONFIRMED
27.2,24120.0,3640.0,7728.0,24155.35,3646.75,7714.55,24102.07,3667.5,7702.41,26.75,CONFIRMED
27.3,24080.0,3635.0,7727.0,24110.42,3626.75,7691.98,24075.07,3642.96,7700.86,25.55,CONFIRMED
27.4,24040.0,3630.0,7726.0,24094.54,3589.12,7927.07,24041.53,3648.08,7712.86,25.2,CONFIRMED
27.5,24000.0,3625.0,7725.0,23952.17,3588.39,7797.06,24021.94,3661.95,7709.88,22.08,CONFIRMED
27.6,23960.0,3620.0,7724.0,23989.51,3601.3,7708.73,23994.24,3663.19,7749.8,18.99,CONFIRMED
27.7,23920.0,3615.0,7723.0,23894.49,3652.94,7664.94,23928.89,3633.86,7734.0,23.71,CONFIRMED
27.8,23880.0,3610.0,7722.0,23845.22,3609.0,7690.39,23875.65,3613.62,7715.42,27.34,CONFIRMED
27.9,23840.0,3605.0,7721.0,23886.14,3600.65,7754.65,23815.45,3602.94,7697.57,25.64,CONFIRMED
28.0,23800.0,3600.0,7720.0,23779.74,3610.32,7730.47,23781.96,3597.96,7696.32,30.47,CONFIRMED
28.1,23760.0,3595.0,7719.0,23764.64,3590.21,7701.28,23744.68,3603.36,7705.89,20.63,CONFIRMED
28.2,23720.0,3590.0,7718.0,23765.4,3674.96,7746.89,23705.18,3615.67,7760.36,18.51,CONFIRMED
28.3,23680.0,3585.0,7717.0,23675.62,3593.08,7693.45,23678.8,3599.83,7738.53,30.37,CONFIRMED
28.4,23640.0,3580.0,7716.0,23678.85,3635.26,7727.61,23624.29,3577.83,7742.01,24.44,CONFIRMED
28.5,23600.0,3575.0,7715.0,23546.94,3541.14,7772.17,23606.63,3606.56,7710.69,23.52,CONFIRMED
28.6,23560.0,3570.0,7714.0,23570.6,3552.0,7724.44,23550.2,3593.66,7730.12,21.9,CONFIRMED
28.7,23520.0,3565.0,7713.0,23521.14,3602.74,7696.45,23497.56,3574.78,7719.06,24.3,CONFIRMED
28.8,23480.0,3560.0,7712.0,23501.41,3584.32,7700.79,23477.64,3570.25,7728.21,24.62,CONFIRMED
28.9,23440.0,3555.0,7711.0,23541.09,3525.37,7713.56,23430.62,3558.62,7713.47,25.97,CONFIRMED
29.0,23400.0,3550.0,7710.0,23420.49,3540.54,7726.95,23424.26,3567.77,7643.22,17.45,CONFIRMED
29.1,23360.0,3545.0,7709.0,23288.58,3632.95,7684.72,23373.16,3575.36,7666.46,28.41,CONFIRMED
29.2,23320.0,3540.0,7708.0,23346.12,3621.26,7629.57,23355.77,3564.88,7696.84,26.93,CONFIRMED
29.3,23280.0,3535.0,7707.0,23215.11,3554.87,7679.98,23337.19,3559.42,7706.06,23.25,CONFIRMED
29.4,23240.0,3530.0,7706.0,23282.59,3556.64,7723.42,23285.65,3503.06,7732.04,22.75,CONFIRMED
29.5,23200.0,3525.0,7705.0,23214.83,3508.2,7691.07,23245.18,3513.96,7718.25,19.88,CONFIRMED
29.6,23160.0,3520.0,7704.0,23110.59,3507.5,7747.76,23183.24,3495.99,7743.25,13.61,CONFIRMED
29.7,23120.0,3515.0,7703.0,23104.72,3530.36,7702.41,23180.39,3570.99,7707.27,18.24,CONFIRMED
29.8,23080.0,3510.0,7702.0,22969.93,3564.46,7806.19,23105.55,3529.11,7662.33,23.71,CONFIRMED
29.9,23040.0,3505.0,7701.0,23030.63,3510.01,7776.0,23040.35,3502.62,7693.7,24.28,CONFIRMED
30.0,23000.0,3500.0,7700.0,22993.17,3484.62,7684.61,22976.23,3488.57,7687.08,23.28,CONFIRMED
30.1,22960.0,3495.0,7699.0,22921.3,3483.97,7695.87,22959.29,3480.57,7727.25,24.74,CONFIRMED
30.2,22920.0,3490.0,7698.0,22942.15,3552.02,7724.34,22914.14,3459.2,7716.57,27.01,CONFIRMED
30.3,22880.0,3485.0,7697.0,22908.12,3523.24,7731.08,22939.59,3445.68,7669.35,17.7,CONFIRMED
30.4,22840.0,3480.0,7696.0,22904.17,3530.88,7729.5,22882.73,3471.15,7668.3,27.28,CONFIRMED
30.5,22800.0,3475.0,7695.0,22718.46,3469.19,7718.36,22782.82,3481.82,7667.01,14.83,CONFIRMED
30.6,22760.0,3470.0,7694.0,22811.95,3496.52,7739.93,22732.32,3472.7,7698.23,18.01,CONFIRMED
30.7,22720.0,3465.0,7693.0,22737.27,3369.23,7739.75,22720.83,3514.79,7682.38,19.56,CONFIRMED
30.8,22680.0,3460.0,7692.0,22626.57,3400.9,7648.16,22671.45,3493.28,7685.53,29.7,CONFIRMED
30.9,22640.0,3455.0,7691.0,22715.75,3661.15,7803.89,22627.83,3494.12,7657.65,20.55,CONFIRMED
31.0,22600.0,3450.0,7690.0,22615.21,3456.12,7684.36,22567.73,3493.95,7695.96,21.27,CONFIRMED
31.1,22560.0,3445.0,7689.0,22506.52,3397.88,7673.98,22515.87,3460.38,7682.44,19.44,CONFIRMED
31.2,22520.0,3440.0,7688.0,22519.31,3484.17,7688.0,22481.2,3390.82,7735.74,14.05,CONFIRMED
31.3,22480.0,3435.0,7687.0,22488.67,3397.76,7664.64,22465.37,3377.55,7721.28,27.36,CONFIRMED
31.4,22440.0,3430.0,7686.0,22418.92,3457.64,7643.52,22444.98,3402.66,7728.82,26.41,CONFIRMED
31.5,22400.0,3425.0,7685.0,22263.83,3413.99,7679.22,22397.9,3411.64,7699.2,27.13,CONFIRMED
31.6,22360.0,3420.0,7684.0,22386.78,3380.68,7695.94,22428.14,3352.86,7716.23,16.62,CONFIRMED
31.7,22320.0,3415.0,7683.0,22320.71,3366.42,7623.84,22423.86,3347.79,7731.41,18.38,CONFIRMED
31.8,22280.0,3410.0,7682.0,22300.93,3380.71,7659.55,22314.85,3327.49,7740.85,15.66,CONFIRMED
31.9,22240.0,3405.0,7681.0,22265.28,3248.39,7795.28,22292.07,3422.05,7741.37,19.34,CONFIRMED
32.0,22200.0,3400.0,7680.0,22180.66,3330.59,7653.52,22229.82,3399.18,7705.97,27.8,CONFIRMED
32.1,22160.0,3395.0,7679.0,22138.95,3362.89,7654.85,22227.94,3426.82,7650.63,14.3,CONFIRMED
32.2,22120.0,3390.0,7678.0,22069.37,3424.4,7771.62,22197.98,3376.1,7664.35,19.96,CONFIRMED
32.3,22080.0,3385.0,7677.0,22067.42,3386.43,7672.87,22112.03,3366.94,7672.67,28.06,CONFIRMED
32.4,22040.0,3380.0,7676.0,22020.88,3454.58,7677.62,22046.5,3371.15,7667.56,21.86,CONFIRMED
32.5,22000.0,3375.0,7675.0,22008.64,3347.79,7701.97,22000.14,3360.5,7672.55,28.05,CONFIRMED
32.6,21960.0,3370.0,7674.0,21952.61,3403.63,7688.22,21968.36,3377.81,7668.42,22.54,CONFIRMED
32.7,21920.0,3365.0,7673.0,21901.69,3327.48,7674.37,21899.77,3380.68,7631.02,21.96,CONFIRMED
32.8,21880.0,3360.0,7672.0,21907.39,3377.25,7696.54,21858.4,3358.78,7661.27,24.17,CONFIRMED
32.9,21840.0,3355.0,7671.0,21788.06,3347.58,7658.27,21825.92,3371.29,7651.64,27.57,CONFIRMED
33.0,21800.0,3350.0,7670.0,21834.45,3351.2,7703.86,21796.9,3366.1,7662.57,28.48,CONFIRMED
33.1,21760.0,3345.0,7669.0,21763.05,3325.83,7668.26,21769.47,3360.54,7674.94,27.82,CONFIRMED
33.2,21720.0,3340.0,7668.0,21741.04,3348.67,7655.55,21747.01,3338.51,7679.14,22.8,CONFIRMED
33.3,21680.0,3335.0,7667.0,21586.78,3342.12,7607.28,21699.04,3323.9,7670.51,26.97,CONFIRMED
33.4,21640.0,3330.0,7666.0,21620.88,3340.28,7673.57,21655.66,3305.29,7662.33,24.58,CONFIRMED
33.5,21600.0,3325.0,7665.0,21645.12,3392.82,7695.52,21602.48,3311.26,7659.4,29.25,CONFIRMED
33.6,21560.0,3320.0,7664.0,21538.83,3268.69,7648.23,21566.73,3331.51,7640.36,22.86,CONFIRMED
33.7,21520.0,3315.0,7663.0,21415.41,3168.94,7785.1,21512.76,3335.55,7697.1,14.76,CONFIRMED
33.8,21480.0,3310.0,7662.0,21482.56,3285.75,7680.32,21472.21,3329.61,7670.99,31.05,CONFIRMED
33.9,21440.0,3305.0,7661.0,21435.46,3328.66,7605.28,21442.42,3306.91,7674.19,30.01,CONFIRMED
34.0,21400.0,3300.0,7660.0,21542.02,3397.68,7711.64,21421.91,3292.95,7655.67,22.51,CONFIRMED
34.1,21360.0,3295.0,7659.0,21158.63,3119.79,7728.31,21424.33,3313.62,7715.74,14.88,CONFIRMED
34.2,21320.0,3290.0,7658.0,21327.53,3256.32,7652.0,21346.01,3314.95,7685.85,27.97,CONFIRMED
34.3,21280.0,3285.0,7657.0,21330.6,3229.74,7632.66,21370.71,3259.11,7628.62,15.39,CONFIRMED
34.4,21240.0,3280.0,7656.0,21330.82,3297.04,7639.09,21275.78,3265.66,7632.03,22.17,CONFIRMED
34.5,21200.0,3275.0,7655.0,21238.24,3231.95,7789.68,21214.34,3275.52,7647.38,30.76,CONFIRMED
34.6,21160.0,3270.0,7654.0,21208.35,3260.19,7671.23,21177.75,3260.16,7652.23,18.98,CONFIRMED
34.7,21120.0,3265.0,7653.0,21072.19,3291.8,7649.8,21103.74,3274.1,7652.38,24.03,CONFIRMED
34.8,21080.0,3260.0,7652.0,21071.05,3291.1,7661.09,21080.14,3253.33,7647.36,29.59,CONFIRMED
34.9,21040.0,3255.0,7651.0,21071.15,3250.72,7653.89,21028.93,3239.5,7637.29,27.74,CONFIRMED
35.0,21000.0,3250.0,7650.0,20992.85,3307.4,7604.34,20970.79,3212.61,7623.2,15.14,CONFIRMED
35.1,20960.0,3245.0,7649.0,20980.57,3227.41,7731.67,20913.68,3178.77,7654.17,20.72,CONFIRMED
35.2,20920.0,3240.0,7648.0,20911.42,3224.86,7666.69,20901.59,3191.39,7643.45,29.45,CONFIRMED
35.3,20880.0,3235.0,7647.0,20855.88,3243.63,7652.26,20864.41,3202.29,7655.84,29.05,CONFIRMED
35.4,20840.0,3230.0,7646.0,20874.06,3287.71,7707.2,20824.39,3203.89,7653.05,21.98,CONFIRMED
35.5,20800.0,3225.0,7645.0,20818.64,3242.59,7642.34,20791.76,3212.13,7649.64,34.04,CONFIRMED
35.6,20760.0,3220.0,7644.0,20803.04,3226.22,7643.17,20766.28,3222.96,7652.82,29.65,CONFIRMED
35.7,20720.0,3215.0,7643.0,20678.67,3234.54,7595.43,20696.47,3135.64,7607.94,15.35,CONFIRMED
35.8,20680.0,3210.0,7642.0,20591.88,3448.56,7494.28,20675.1,3167.8,7606.9,24.77,CONFIRMED
35.9,20640.0,3205.0,7641.0,20607.64,3210.69,7619.86,20650.94,3192.39,7644.98,25.74,CONFIRMED
36.0,20600.0,3200.0,7640.0,20668.58,3252.58,7632.15,20615.43,3201.8,7633.78,28.72,CONFIRMED
36.1,20560.0,3195.0,7639.0,20524.75,3173.05,7608.97,20551.5,3215.75,7630.34,23.14,CONFIRMED
36.2,20520.0,3190.0,7638.0,20499.67,3182.78,7653.18,20527.63,3180.34,7654.74,24.09,CONFIRMED
36.3,20480.0,3185.0,7637.0,20470.21,3195.16,7671.73,20460.51,3192.71,7616.01,22.97,CONFIRMED
36.4,20440.0,3180.0,7636.0,20423.08,3186.9,7624.48,20419.79,3214.58,7670.74,15.56,CONFIRMED
36.5,20400.0,3175.0,7635.0,20392.83,3199.15,7607.91,20409.61,3190.47,7667.45,19.9,CONFIRMED
36.6,20360.0,3170.0,7634.0,20336.51,3180.69,7637.94,20387.08,3197.55,7650.82,27.79,CONFIRMED
36.7,20320.0,3165.0,7633.0,20337.88,3187.2,7581.76,20306.91,3167.59,7635.12,20.94,CONFIRMED
36.8,20280.0,3160.0,7632.0,20275.22,3168.75,7617.21,20269.37,3185.02,7647.03,25.57,CONFIRMED
36.9,20240.0,3155.0,7631.0,20235.87,3158.11,7612.21,20236.68,3167.06,7636.77,29.58,CONFIRMED
37.0,20200.0,3150.0,7630.0,20146.2,3173.83,7642.45,20206.07,3158.8,7625.54,26.87,CONFIRMED
37.1,20160.0,3145.0,7629.0,20163.57,3146.09,7610.5,20171.88,3143.61,7638.04,29.45,CONFIRMED
37.2,20120.0,3140.0,7628.0,20086.6,3128.57,7626.46,20136.64,3110.15,7632.5,20.64,CONFIRMED
37.3,20080.0,3135.0,7627.0,20092.96,3162.3,7665.76,20095.54,3104.11,7625.25,23.79,CONFIRMED
37.4,20040.0,3130.0,7626.0,20101.31,3112.7,7607.01,20061.64,3125.73,7658.77,22.91,CONFIRMED
37.5,20000.0,3125.0,7625.0,20000.96,3132.61,7605.65,20042.09,3153.2,7557.5,17.23,CONFIRMED
37.6,19960.0,3120.0,7624.0,19956.36,3154.7,7620.12,20002.25,3142.44,7591.14,24.49,CONFIRMED
37.7,19920.0,3115.0,7623.0,19889.24,3046.97,7576.47,19970.94,3128.09,7623.17,21.33,CONFIRMED
37.8,19880.0,3110.0,7622.0,19923.77,3065.0,7600.88,19895.28,3120.67,7618.96,27.68,CONFIRMED
37.9,19840.0,3105.0,7621.0,19843.24,3068.51,7643.78,19855.65,3126.59,7627.59,28.98,CONFIRMED
38.0,19800.0,3100.0,7620.0,19751.61,3053.8,7615.92,19790.85,3111.22,7613.58,26.09,CONFIRMED
38.1,19760.0,3095.0,7619.0,19784.01,3065.73,7607.81,19759.1,3105.48,7613.52,27.66,CONFIRMED
38.2,19720.0,3090.0,7618.0,19718.4,3088.02,7580.68,19733.79,3116.11,7637.3,22.89,CONFIRMED
38.3,19680.0,3085.0,7617.0,19710.16,3135.99,7616.55,19666.63,3089.43,7627.73,25.82,CONFIRMED
38.4,19640.0,3080.0,7616.0,19545.51,3163.33,7623.17,19672.21,3108.67,7629.1,22.95,CONFIRMED
38.5,19600.0,3075.0,7615.0,19569.75,3076.64,7633.52,19624.6,3095.97,7627.14,34.0,CONFIRMED
38.6,19560.0,3070.0,7614.0,19594.27,3008.13,7622.99,19573.1,3091.74,7613.01,26.16,CONFIRMED
38.7,19520.0,3065.0,7613.0,19537.45,3058.8,7610.82,19541.3,3076.97,7612.84,28.98,CONFIRMED
38.8,19480.0,3060.0,7612.0,19490.29,2977.08,7633.48,19495.39,3067.89,7629.14,27.81,CONFIRMED
38.9,19440.0,3055.0,7611.0,19357.49,3053.89,7645.63,19456.55,3058.61,7631.44,32.6,CONFIRMED
39.0,19400.0,3050.0,7610.0,19355.07,3127.08,7593.17,19424.44,3039.22,7639.01,18.1,CONFIRMED
39.1,19360.0,3045.0,7609.0,19252.18,3040.07,7522.15,19366.38,3058.43,7625.84,30.32,CONFIRMED
39.2,19320.0,3040.0,7608.0,19336.74,3032.3,7621.77,19335.92,3049.69,7614.75,25.28,CONFIRMED
39.3,19280.0,3035.0,7607.0,19279.38,3026.08,7602.12,19260.26,3053.91,7603.86,23.17,CONFIRMED
39.4,19240.0,3030.0,7606.0,19210.21,3060.91,7683.49,19233.05,3015.3,7609.96,24.32,CONFIRMED
39.5,19200.0,3025.0,7605.0,19175.36,2987.83,7643.11,19142.53,3018.22,7628.12,16.51,CONFIRMED
39.6,19160.0,3020.0,7604.0,19138.64,3010.24,7594.5,19106.57,3030.67,7628.29,21.74,CONFIRMED
39.7,19120.0,3015.0,7603.0,19114.51,2783.7,7649.57,19111.85,2993.64,7600.85,24.23,CONFIRMED
39.8,19080.0,3010.0,7602.0,19173.72,2907.78,7601.58,19081.85,2995.48,7600.6,31.75,CONFIRMED
39.9,19040.0,3005.0,7601.0,18995.97,2973.72,7623.74,19046.68,3000.48,7601.66,31.88,CONFIRMED
40.0,19000.0,3000.0,7600.0,19020.65,2964.98,7591.83,19047.26,3006.19,7556.78,16.67,CONFIRMED
40.1,18960.0,2995.0,7599.0,18963.24,3000.88,7617.58,18999.2,2970.54,7569.97,23.16,CONFIRMED
40.2,18920.0,2990.0,7598.0,18846.35,2903.76,7604.42,18945.64,2967.25,7610.47,25.45,CONFIRMED
40.3,18880.0,2985.0,7597.0,18900.34,2997.5,7618.36,18893.52,2972.63,7606.55,27.19,CONFIRMED
40.4,18840.0,2980.0,7596.0,18849.02,2978.19,7580.9,18844.62,2967.89,7617.3,26.74,CONFIRMED
40.5,18800.0,2975.0,7595.0,18804.79,2987.7,7586.21,18794.53,2990.83,7615.02,27.05,CONFIRMED
40.6,18760.0,2970.0,7594.0,18758.14,2966.2,7612.31,18754.69,2979.2,7599.16,32.66,CONFIRMED
40.7,18720.0,2965.0,7593.0,18730.64,2947.8,7615.73,18717.47,2976.43,7594.66,27.65,CONFIRMED
40.8,18680.0,2960.0,7592.0,18650.75,2983.18,7686.28,18667.18,2957.25,7591.6,30.41,CONFIRMED
40.9,18640.0,2955.0,7591.0,18601.56,2955.44,7610.57,18633.35,2955.0,7592.16,30.92,CONFIRMED
41.0,18600.0,2950.0,7590.0,18614.7,2948.38,7561.59,18594.8,2949.57,7590.38,22.68,CONFIRMED
41.1,18560.0,2945.0,7589.0,18567.54,2987.09,7603.04,18556.5,2942.78,7592.05,34.36,CONFIRMED
41.2,18520.0,2940.0,7588.0,18529.6,2922.57,7584.35,18521.65,2956.6,7589.96,31.36,CONFIRMED
41.3,18480.0,2935.0,7587.0,18463.94,2949.49,7588.5,18447.77,2900.25,7558.98,18.79,CONFIRMED
41.4,18440.0,2930.0,7586.0,18461.32,2956.6,7608.53,18435.49,2921.62,7589.74,26.03,CONFIRMED
41.5,18400.0,2925.0,7585.0,18375.61,2923.59,7558.41,18443.04,2926.24,7636.72,18.63,CONFIRMED
41.6,18360.0,2920.0,7584.0,18364.44,2895.66,7677.21,18393.44,2924.65,7615.32,30.07,CONFIRMED
41.7,18320.0,2915.0,7583.0,18304.36,2923.99,7574.89,18347.51,2919.18,7601.51,24.33,CONFIRMED
41.8,18280.0,2910.0,7582.0,18329.13,2950.87,7524.34,18288.47,2921.44,7600.59,30.84,CONFIRMED
41.9,18240.0,2905.0,7581.0,18257.82,2928.88,7610.57,18240.52,2910.29,7600.48,28.77,CONFIRMED
42.0,18200.0,2900.0,7580.0,18196.74,2899.34,7573.64,18212.53,2901.92,7593.2,31.41,CONFIRMED
42.1,18160.0,2895.0,7579.0,18153.19,2879.52,7633.66,18179.88,2884.16,7598.66,21.63,CONFIRMED
42.2,18120.0,2890.0,7578.0,18134.54,2872.45,7573.77,18152.58,2866.12,7584.52,23.97,CONFIRMED
42.3,18080.0,2885.0,7577.0,18043.69,2839.13,7556.64,18102.26,2866.13,7580.72,33.78,CONFIRMED
42.4,18040.0,2880.0,7576.0,18053.41,2868.81,7596.16,18077.22,2868.44,7564.03,25.1,CONFIRMED
42.5,18000.0,2875.0,7575.0,17991.94,2893.29,7542.08,18021.12,2870.24,7572.05,31.32,CONFIRMED
42.6,17960.0,2870.0,7574.0,17951.21,2870.91,7598.88,17970.92,2873.84,7577.38,24.48,CONFIRMED
42.7,17920.0,2865.0,7573.0,17921.34,2841.95,7585.54,17931.37,2874.9,7558.72,23.88,CONFIRMED
42.8,17880.0,2860.0,7572.0,17866.6,2861.99,7574.27,17892.71,2855.27,7561.36,26.78,CONFIRMED
42.9,17840.0,2855.0,7571.0,17818.05,2850.1,7596.66,17848.37,2851.46,7573.21,35.64,CONFIRMED
43.0,17800.0,2850.0,7570.0,17845.79,2878.79,7613.37,17822.48,2849.57,7583.36,24.39,CONFIRMED
43.1,17760.0,2845.0,7569.0,17775.62,2841.48,7588.44,17782.54,2830.93,7559.97,24.5,CONFIRMED
43.2,17720.0,2840.0,7568.0,17696.54,2830.65,7553.56,17736.19,2817.85,7546.18,30.2,CONFIRMED
43.3,17680.0,2835.0,7567.0,17679.17,2826.42,7576.55,17684.6,2826.59,7547.75,29.8,CONFIRMED
43.4,17640.0,2830.0,7566.0,17637.84,2827.56,7572.96,17639.53,2820.69,7552.67,34.36,CONFIRMED
43.5,17600.0,2825.0,7565.0,17555.28,2854.19,7581.01,17610.21,2820.18,7567.14,28.21,CONFIRMED
43.6,17560.0,2820.0,7564.0,17578.59,2823.34,7536.31,17560.01,2824.3,7572.07,30.02,CONFIRMED
43.7,17520.0,2815.0,7563.0,17504.44,2811.4,7546.93,17519.06,2823.02,7564.54,23.18,CONFIRMED
43.8,17480.0,2810.0,7562.0,17505.31,2827.02,7536.02,17467.97,2823.25,7562.33,23.29,CONFIRMED
43.9,17440.0,2805.0,7561.0,17429.29,2814.15,7552.53,17434.03,2815.93,7561.18,33.07,CONFIRMED
44.0,17400.0,2800.0,7560.0,17409.73,2856.67,7565.62,17392.74,2813.51,7569.51,26.66,CONFIRMED
44.1,17360.0,2795.0,7559.0,17360.19,2792.63,7538.43,17352.28,2792.03,7559.55,25.28,CONFIRMED
44.2,17320.0,2790.0,7558.0,17333.21,2762.53,7566.29,17316.79,2780.54,7566.64,32.26,CONFIRMED
44.3,17280.0,2785.0,7557.0,17269.7,2755.6,7558.12,17273.25,2774.67,7561.6,21.2,CONFIRMED
44.4,17240.0,2780.0,7556.0,17240.15,2788.7,7574.53,17236.79,2768.99,7558.96,31.34,CONFIRMED
44.5,17200.0,2775.0,7555.0,17197.67,2761.58,7553.18,17220.54,2770.3,7546.18,24.72,CONFIRMED
44.6,17160.0,2770.0,7554.0,17174.86,2750.18,7564.31,17171.63,2763.6,7547.88,29.64,CONFIRMED
44.7,17120.0,2765.0,7553.0,17110.79,2771.23,7565.27,17129.8,2757.37,7542.71,34.4,CONFIRMED
44.8,17080.0,2760.0,7552.0,17106.62,2761.91,7521.87,17100.96,2773.57,7551.91,22.64,CONFIRMED
44.9,17040.0,2755.0,7551.0,17047.37,2752.8,7569.36,17034.17,2685.63,7589.79,18.29,CONFIRMED
45.0,17000.0,2750.0,7550.0,17001.26,2726.92,7549.16,16990.43,2704.59,7573.17,34.53,CONFIRMED
45.1,16960.0,2745.0,7549.0,16937.0,2749.25,7554.7,16949.11,2718.72,7561.78,28.16,CONFIRMED
45.2,16920.0,2740.0,7548.0,16916.34,2654.99,7508.47,16917.59,2702.67,7544.92,22.78,CONFIRMED
45.3,16880.0,2735.0,7547.0,16880.3,2754.17,7547.6,16868.79,2678.03,7590.31,19.51,CONFIRMED
45.4,16840.0,2730.0,7546.0,16844.77,2724.41,7541.48,16811.2,2684.73,7570.59,27.59,CONFIRMED
45.5,16800.0,2725.0,7545.0,16814.44,2730.46,7526.82,16778.76,2700.32,7558.25,31.39,CONFIRMED
45.6,16760.0,2720.0,7544.0,16737.99,2727.18,7518.47,16754.17,2681.73,7545.12,27.03,CONFIRMED
45.7,16720.0,2715.0,7543.0,16715.13,2698.9,7520.26,16717.65,2713.12,7545.77,29.11,CONFIRMED
45.8,16680.0,2710.0,7542.0,16675.8,2729.05,7540.13,16688.7,2725.49,7540.88,25.4,CONFIRMED
45.9,16640.0,2705.0,7541.0,16650.6,2706.83,7528.23,16656.92,2690.34,7534.33,20.58,CONFIRMED
46.0,16600.0,2700.0,7540.0,16597.52,2697.51,7549.62,16617.2,2682.51,7532.69,27.74,CONFIRMED
46.1,16560.0,2695.0,7539.0,16554.59,2693.13,7535.63,16577.11,2690.25,7537.24,31.19,CONFIRMED
46.2,16520.0,2690.0,7538.0,16515.28,2687.9,7543.95,16493.66,2646.75,7548.08,21.81,CONFIRMED
46.3,16480.0,2685.0,7537.0,16379.16,2715.52,7555.51,16451.82,2677.24,7553.22,22.73,CONFIRMED
46.4,16440.0,2680.0,7536.0,16449.46,2677.98,7534.81,16433.47,2680.76,7527.66,28.96,CONFIRMED
46.5,16400.0,2675.0,7535.0,16407.68,2680.14,7540.44,16406.39,2662.34,7511.1,23.77,CONFIRMED
46.6,16360.0,2670.0,7534.0,16369.11,2664.82,7543.38,16377.42,2668.47,7507.36,28.58,CONFIRMED
46.7,16320.0,2665.0,7533.0,16321.5,2646.13,7526.77,16331.54,2662.98,7512.89,37.35,CONFIRMED
46.8,16280.0,2660.0,7532.0,16293.29,2626.13,7596.33,16304.48,2664.4,7513.39,24.66,CONFIRMED
46.9,16240.0,2655.0,7531.0,16234.8,2662.11,7528.32,16256.33,2657.95,7524.49,28.79,CONFIRMED
47.0,16200.0,2650.0,7530.0,16192.57,2663.41,7530.04,16195.0,2670.23,7536.66,27.17,CONFIRMED
47.1,16160.0,2645.0,7529.0,16197.25,2597.31,7401.91,16154.36,2662.57,7523.85,32.44,CONFIRMED
47.2,16120.0,2640.0,7528.0,16134.0,2639.44,7531.76,16098.01,2647.14,7500.49,27.04,CONFIRMED
47.3,16080.0,2635.0,7527.0,16073.33,2632.16,7528.59,16060.82,2638.15,7504.11,28.69,CONFIRMED
47.4,16040.0,2630.0,7526.0,16033.84,2623.27,7530.32,16022.34,2625.16,7521.81,29.35,CONFIRMED
47.5,16000.0,2625.0,7525.0,16042.89,2628.38,7524.3,15956.96,2600.16,7512.98,24.28,CONFIRMED
47.6,15960.0,2620.0,7524.0,15960.42,2618.77,7511.0,15932.49,2602.59,7521.97,30.85,CONFIRMED
47.7,15920.0,2615.0,7523.0,15906.18,2632.0,7559.49,15905.43,2603.78,7534.54,28.62,CONFIRMED
47.8,15880.0,2610.0,7522.0,15891.78,2614.14,7514.11,15859.91,2604.11,7528.7,31.79,CONFIRMED
47.9,15840.0,2605.0,7521.0,15826.78,2618.97,7563.81,15815.33,2604.62,7508.99,23.83,CONFIRMED
48.0,15800.0,2600.0,7520.0,15833.55,2579.09,7533.47,15777.1,2599.07,7508.51,31.32,CONFIRMED
48.1,15760.0,2595.0,7519.0,15749.77,2602.39,7521.64,15726.55,2602.83,7506.04,22.69,CONFIRMED
48.2,15720.0,2590.0,7518.0,15729.16,2588.73,7526.66,15708.87,2606.81,7512.16,27.93,CONFIRMED
48.3,15680.0,2585.0,7517.0,15678.77,2587.98,7529.78,15681.37,2613.02,7506.97,29.2,CONFIRMED
48.4,15640.0,2580.0,7516.0,15619.51,2579.56,7512.99,15638.88,2595.95,7508.09,37.53,CONFIRMED
48.5,15600.0,2575.0,7515.0,15604.08,2591.12,7508.81,15587.55,2581.08,7512.17,20.94,CONFIRMED
48.6,15560.0,2570.0,7514.0,15570.69,2571.23,7520.61,15550.35,2561.11,7515.93,31.62,CONFIRMED
48.7,15520.0,2565.0,7513.0,15505.18,2555.68,7498.95,15518.13,2551.06,7512.16,30.24,CONFIRMED
48.8,15480.0,2560.0,7512.0,15467.16,2562.59,7508.18,15482.86,2550.64,7516.66,35.3,CONFIRMED
48.9,15440.0,2555.0,7511.0,15406.54,2541.9,7498.64,15433.83,2550.37,7519.79,23.44,CONFIRMED
49.0,15400.0,2550.0,7510.0,15433.25,2626.16,7573.79,15395.41,2547.36,7514.27,29.2,CONFIRMED
49.1,15360.0,2545.0,7509.0,15362.2,2522.48,7508.67,15358.73,2549.18,7506.69,35.48,CONFIRMED
49.2,15320.0,2540.0,7508.0,15316.45,2538.99,7498.67,15309.61,2541.58,7502.3,31.35,CONFIRMED
49.3,15280.0,2535.0,7507.0,15265.01,2531.89,7502.71,15277.18,2523.06,7498.56,20.67,CONFIRMED
49.4,15240.0,2530.0,7506.0,15245.91,2534.21,7492.51,15249.37,2527.0,7500.55,33.55,CONFIRMED
49.5,15200.0,2525.0,7505.0,15208.9,2524.76,7523.88,15203.55,2536.57,7504.21,25.82,CONFIRMED
49.6,15160.0,2520.0,7504.0,15164.85,2513.62,7512.69,15149.33,2527.6,7508.57,24.39,CONFIRMED
49.7,15120.0,2515.0,7503.0,15125.39,2518.17,7504.48,15127.57,2498.81,7541.55,23.4,CONFIRMED
49.8,15080.0,2510.0,7502.0,15068.97,2501.22,7495.8,15083.44,2486.4,7530.93,30.99,CONFIRMED
49.9,15040.0,2505.0,7501.0,15053.22,2495.73,7505.04,15046.98,2486.35,7510.57,30.32,CONFIRMED
50.0,15000.0,2500.0,7500.0,15012.38,2507.23,7512.6,15007.68,2491.33,7505.06,39.48,CONFIRMED
50.1,14960.0,2495.0,7499.0,14986.63,2458.39,7524.74,14962.66,2487.41,7502.48,37.72,CONFIRMED
50.2,14920.0,2490.0,7498.0,14904.51,2476.61,7512.61,14902.67,2479.93,7505.95,27.91,CONFIRMED
50.3,14880.0,2485.0,7497.0,14880.33,2489.21,7468.94,14870.56,2481.86,7502.47,33.01,CONFIRMED
50.4,14840.0,2480.0,7496.0,14874.81,2522.96,7490.22,14838.55,2466.37,7497.78,35.12,CONFIRMED
50.5,14800.0,2475.0,7495.0,14811.87,2457.69,7502.9,14786.6,2467.32,7489.72,33.06,CONFIRMED
50.6,14760.0,2470.0,7494.0,14763.0,2470.94,7500.45,14749.13,2474.42,7495.2,32.81,CONFIRMED
50.7,14720.0,2465.0,7493.0,14715.66,2472.51,7500.69,14727.65,2473.35,7502.54,27.63,CONFIRMED
50.8,14680.0,2460.0,7492.0,14670.12,2464.8,7486.35,14689.97,2462.98,7496.11,31.6,CONFIRMED
50.9,14640.0,2455.0,7491.0,14636.51,2439.42,7481.73,14652.98,2456.02,7492.31,29.81,CONFIRMED
51.0,14600.0,2450.0,7490.0,14609.14,2452.49,7502.77,14619.27,2452.85,7491.72,35.19,CONFIRMED
51.1,14560.0,2445.0,7489.0,14568.16,2459.61,7490.67,14567.77,2444.42,7487.75,38.87,CONFIRMED
51.2,14520.0,2440.0,7488.0,14519.14,2434.84,7500.9,14517.67,2434.27,7494.31,35.78,CONFIRMED
51.3,14480.0,2435.0,7487.0,14475.15,2446.91,7480.97,14478.61,2427.38,7496.46,36.58,CONFIRMED
51.4,14440.0,2430.0,7486.0,14452.97,2446.36,7486.87,14438.24,2422.73,7495.36,35.55,CONFIRMED
51.5,14400.0,2425.0,7485.0,14422.7,2454.13,7489.37,14404.05,2411.92,7490.34,30.46,CONFIRMED
51.6,14360.0,2420.0,7484.0,14357.88,2420.62,7481.91,14348.16,2399.85,7503.87,22.22,CONFIRMED
51.7,14320.0,2415.0,7483.0,14325.54,2423.14,7485.17,14309.03,2406.16,7486.6,31.19,CONFIRMED
51.8,14280.0,2410.0,7482.0,14268.75,2424.21,7478.1,14280.54,2404.81,7481.71,37.23,CONFIRMED
51.9,14240.0,2405.0,7481.0,14312.65,2400.48,7507.93,14232.02,2406.5,7472.9,34.58,CONFIRMED
52.0,14200.0,2400.0,7480.0,14202.79,2381.65,7473.51,14199.05,2402.47,7475.72,35.96,CONFIRMED
52.1,14160.0,2395.0,7479.0,14145.46,2413.15,7493.11,14163.12,2394.91,7478.0,35.31,CONFIRMED
52.2,14120.0,2390.0,7478.0,14097.64,2406.61,7503.25,14134.4,2384.88,7476.8,32.64,CONFIRMED
52.3,14080.0,2385.0,7477.0,14062.64,2367.27,7469.56,14089.36,2376.69,7477.46,36.44,CONFIRMED
52.4,14040.0,2380.0,7476.0,14036.1,2374.38,7472.85,14044.83,2374.14,7466.56,33.91,CONFIRMED
52.5,14000.0,2375.0,7475.0,13981.19,2379.88,7478.79,13998.13,2374.52,7465.98,36.16,CONFIRMED
52.6,13960.0,2370.0,7474.0,13883.58,2370.96,7468.38,13950.98,2365.65,7465.81,35.95,CONFIRMED
52.7,13920.0,2365.0,7473.0,13945.86,2402.82,7478.07,13910.45,2362.49,7466.14,41.11,CONFIRMED
52.8,13880.0,2360.0,7472.0,13887.2,2345.22,7459.49,13876.29,2354.52,7460.46,34.76,CONFIRMED
52.9,13840.0,2355.0,7471.0,13839.26,2335.98,7461.32,13828.54,2345.55,7466.49,33.35,CONFIRMED
53.0,13800.0,2350.0,7470.0,13806.41,2362.21,7468.9,13784.42,2326.45,7467.19,29.7,CONFIRMED
53.1,13760.0,2345.0,7469.0,13769.66,2334.6,7472.6,13745.92,2337.36,7468.35,22.17,CONFIRMED
53.2,13720.0,2340.0,7468.0,13707.81,2326.24,7473.98,13723.55,2339.61,7480.32,28.79,CONFIRMED
53.3,13680.0,2335.0,7467.0,13687.86,2357.51,7469.09,13679.18,2341.17,7469.82,26.31,CONFIRMED
53.4,13640.0,2330.0,7466.0,13700.55,2315.36,7448.71,13649.89,2331.81,7471.81,24.93,CONFIRMED
53.5,13600.0,2325.0,7465.0,13588.89,2312.02,7472.75,13609.0,2323.61,7469.2,42.49,CONFIRMED
53.6,13560.0,2320.0,7464.0,13553.66,2304.04,7467.93,13569.81,2342.73,7461.45,28.44,CONFIRMED
53.7,13520.0,2315.0,7463.0,13523.38,2315.22,7475.26,13523.41,2335.86,7459.26,27.02,CONFIRMED
53.8,13480.0,2310.0,7462.0,13476.14,2303.06,7474.87,13475.01,2323.55,7447.68,28.27,CONFIRMED
53.9,13440.0,2305.0,7461.0,13477.0,2302.82,7456.09,13434.27,2313.87,7448.75,39.58,CONFIRMED
54.0,13400.0,2300.0,7460.0,13406.93,2303.16,7459.58,13398.02,2303.56,7450.72,37.7,CONFIRMED
54.1,13360.0,2295.0,7459.0,13365.44,2294.17,7472.77,13355.32,2294.4,7456.74,35.21,CONFIRMED
54.2,13320.0,2290.0,7458.0,13328.82,2314.32,7426.86,13312.75,2290.85,7466.36,35.67,CONFIRMED
54.3,13280.0,2285.0,7457.0,13295.42,2265.25,7439.36,13278.58,2300.76,7463.96,31.04,CONFIRMED
54.4,13240.0,2280.0,7456.0,13214.73,2275.67,7446.68,13247.76,2290.88,7462.27,25.17,CONFIRMED
54.5,13200.0,2275.0,7455.0,13202.15,2265.85,7457.9,13203.81,2286.25,7454.55,34.74,CONFIRMED
54.6,13160.0,2270.0,7454.0,13153.96,2246.02,7436.03,13166.83,2278.46,7460.25,35.26,CONFIRMED
54.7,13120.0,2265.0,7453.0,13105.85,2250.33,7452.96,13113.76,2275.4,7453.42,34.41,CONFIRMED
54.8,13080.0,2260.0,7452.0,13070.74,2267.41,7449.01,13084.17,2273.3,7451.97,25.38,CONFIRMED
54.9,13040.0,2255.0,7451.0,13040.55,2249.67,7441.71,13039.0,2258.89,7450.23,37.68,CONFIRMED
55.0,13000.0,2250.0,7450.0,12994.47,2246.7,7442.83,13002.42,2260.93,7453.16,34.45,CONFIRMED
55.1,12960.0,2245.0,7449.0,12960.65,2242.4,7454.53,12954.73,2256.64,7446.97,30.5,CONFIRMED
55.2,12920.0,2240.0,7448.0,12920.9,2219.86,7427.1,12916.1,2267.3,7439.98,30.51,CONFIRMED
55.3,12880.0,2235.0,7447.0,12875.9,2237.45,7455.69,12877.72,2251.96,7444.5,38.18,CONFIRMED
55.4,12840.0,2230.0,7446.0,12848.31,2222.06,7423.88,12834.61,2236.5,7441.67,32.8,CONFIRMED
55.5,12800.0,2225.0,7445.0,12796.76,2210.66,7446.02,12789.12,2228.18,7430.01,34.06,CONFIRMED
55.6,12760.0,2220.0,7444.0,12768.86,2225.88,7435.6,12748.69,2220.37,7429.76,35.69,CONFIRMED
55.7,12720.0,2215.0,7443.0,12742.99,2210.96,7445.66,12711.95,2201.5,7427.24,27.88,CONFIRMED
55.8,12680.0,2210.0,7442.0,12668.68,2207.89,7439.26,12678.69,2206.74,7438.46,36.69,CONFIRMED
55.9,12640.0,2205.0,7441.0,12645.98,2216.73,7451.13,12620.37,2211.03,7434.39,22.44,CONFIRMED
56.0,12600.0,2200.0,7440.0,12587.76,2196.81,7436.61,12593.02,2199.8,7437.85,31.03,CONFIRMED
56.1,12560.0,2195.0,7439.0,12550.75,2195.35,7438.04,12534.02,2202.37,7448.0,22.53,CONFIRMED
56.2,12520.0,2190.0,7438.0,12552.28,2183.83,7458.49,12491.36,2193.93,7451.37,27.05,CONFIRMED
56.3,12480.0,2185.0,7437.0,12482.44,2180.97,7448.47,12465.1,2186.29,7446.3,41.47,CONFIRMED
56.4,12440.0,2180.0,7436.0,12465.17,2243.94,7496.18,12430.64,2179.67,7440.91,39.33,CONFIRMED
56.5,12400.0,2175.0,7435.0,12403.18,2162.37,7423.07,12396.65,2182.59,7437.84,34.27,CONFIRMED
56.6,12360.0,2170.0,7434.0,12354.23,2175.35,7436.75,12361.71,2199.63,7432.67,30.85,CONFIRMED
56.7,12320.0,2165.0,7433.0,12315.63,2145.9,7437.87,12326.94,2182.4,7430.23,37.6,CONFIRMED
56.8,12280.0,2160.0,7432.0,12270.44,2156.72,7428.74,12281.83,2170.05,7432.97,35.64,CONFIRMED
56.9,12240.0,2155.0,7431.0,12254.08,2159.71,7442.87,12242.75,2161.39,7430.15,38.11,CONFIRMED
57.0,12200.0,2150.0,7430.0,12180.2,2142.99,7424.76,12181.72,2157.2,7436.44,22.9,CONFIRMED
57.1,12160.0,2145.0,7429.0,12146.96,2129.76,7433.29,12146.63,2149.31,7433.03,41.47,CONFIRMED
57.2,12120.0,2140.0,7428.0,12119.58,2131.1,7434.61,12116.27,2133.14,7425.91,32.89,CONFIRMED
57.3,12080.0,2135.0,7427.0,12083.24,2155.7,7455.51,12072.22,2124.01,7424.54,34.96,CONFIRMED
57.4,12040.0,2130.0,7426.0,12084.67,2109.15,7440.42,12037.36,2122.85,7424.07,36.4,CONFIRMED
57.5,12000.0,2125.0,7425.0,11999.19,2121.2,7427.81,11995.82,2126.17,7425.26,37.08,CONFIRMED
57.6,11960.0,2120.0,7424.0,11950.74,2114.03,7419.98,11961.05,2119.54,7424.57,34.27,CONFIRMED
57.7,11920.0,2115.0,7423.0,11940.5,2078.28,7428.1,11917.18,2096.84,7414.68,28.1,CONFIRMED
57.8,11880.0,2110.0,7422.0,11873.27,2118.08,7421.96,11877.55,2086.29,7437.77,23.24,CONFIRMED
57.9,11840.0,2105.0,7421.0,11856.31,2121.31,7440.94,11839.61,2090.27,7427.65,38.16,CONFIRMED
58.0,11800.0,2100.0,7420.0,11804.73,2107.66,7422.86,11801.65,2092.88,7425.4,44.17,CONFIRMED
58.1,11760.0,2095.0,7419.0,11754.51,2082.64,7414.31,11782.91,2096.04,7422.65,30.62,CONFIRMED
58.2,11720.0,2090.0,7418.0,11710.39,2092.43,7399.84,11735.87,2090.66,7410.12,30.1,CONFIRMED
58.3,11680.0,2085.0,7417.0,11683.17,2084.8,7409.09,11686.45,2084.7,7410.34,39.95,CONFIRMED
58.4,11640.0,2080.0,7416.0,11703.7,2032.58,7443.0,11640.09,2060.26,7405.13,23.5,CONFIRMED
58.5,11600.0,2075.0,7415.0,11635.26,2067.04,7422.82,11607.4,2062.51,7411.81,30.84,CONFIRMED
58.6,11560.0,2070.0,7414.0,11565.44,2060.92,7404.65,11566.03,2065.31,7408.78,36.07,CONFIRMED
58.7,11520.0,2065.0,7413.0,11512.99,2046.48,7402.34,11524.74,2058.39,7418.35,29.56,CONFIRMED
58.8,11480.0,2060.0,7412.0,11495.11,2038.86,7408.73,11478.45,2061.7,7415.0,36.11,CONFIRMED
58.9,11440.0,2055.0,7411.0,11447.98,2078.23,7419.2,11438.35,2055.06,7414.89,32.57,CONFIRMED
59.0,11400.0,2050.0,7410.0,11404.7,2052.14,7418.32,11398.33,2057.48,7410.86,37.37,CONFIRMED
59.1,11360.0,2045.0,7409.0,11305.69,2057.66,7408.87,11357.72,2050.22,7412.35,37.03,CONFIRMED
59.2,11320.0,2040.0,7408.0,11321.15,2045.72,7401.04,11329.52,2043.04,7411.4,36.46,CONFIRMED
59.3,11280.0,2035.0,7407.0,11278.47,2043.62,7400.62,11304.22,2049.16,7391.22,26.12,CONFIRMED
59.4,11240.0,2030.0,7406.0,11231.76,2015.76,7389.39,11249.88,2034.22,7409.71,32.95,CONFIRMED
59.5,11200.0,2025.0,7405.0,11206.86,2037.57,7418.9,11199.46,2032.03,7411.15,31.83,CONFIRMED
59.6,11160.0,2020.0,7404.0,11138.49,2018.26,7404.08,11134.24,2027.69,7419.1,24.02,CONFIRMED
59.7,11120.0,2015.0,7403.0,11123.27,2004.6,7401.55,11103.29,2019.25,7414.46,40.44,CONFIRMED
59.8,11080.0,2010.0,7402.0,11107.96,1967.28,7407.58,11077.34,2016.41,7435.79,24.59,CONFIRMED
59.9,11040.0,2005.0,7401.0,11047.24,2003.61,7398.15,11038.26,2008.98,7419.25,40.5,CONFIRMED
